commodity,total value sold,total qty sold,total kg sold,qty available,market,date_scraped,total value sold mtd,total qty sold mtd,total kg sold mtd
BABY BUTTERNUT,1044.0,6.0,26.0,7,Joburg Market,2026-07-10,55669.0,272.0,1230.0
BABY BUTTERNUT,1044.0,6.0,26.0,7,Joburg Market,2026-07-11,55669.0,272.0,1230.0
BABY BUTTERNUT,1308.0,8.0,33.0,11,Joburg Market,2026-07-13,61881.0,311.0,1391.0
BABY BUTTERNUT,1308.0,8.0,33.0,11,Joburg Market,2026-07-14,61881.0,311.0,1391.0
BABY BUTTERNUT,0.0,0.0,0.0,3,Joburg Market,2026-07-15,1380.0,15.0,45.0
BABY BUTTERNUT,1968.0,10.0,44.0,3,Joburg Market,2026-07-18,72111.0,367.0,1625.0
BABY BUTTERNUT,240.0,3.0,9.0,3,Joburg Market,2026-07-20,1620.0,18.0,54.0
BABY BUTTERNUT,240.0,3.0,9.0,3,Joburg Market,2026-07-21,1620.0,18.0,54.0
BABY BUTTERNUT,7796.0,34.0,155.0,0,Joburg Market,2026-07-23,86983.0,425.0,1911.0
BABY BUTTERNUT,-192.0,-1.0,-4.0,1,Joburg Market,2026-07-24,86791.0,424.0,1907.0
BABY BUTTERNUT,4496.0,19.0,86.0,1,Joburg Market,2026-07-25,91287.0,443.0,1993.0
BABY BUTTERNUT,0.0,0.0,0.0,1,Joburg Market,2026-07-27,91287.0,443.0,1993.0
BABY BUTTERNUT,12240.0,42.0,187.0,4,Joburg Market,2026-07-28,103527.0,485.0,2180.0
BABY BUTTERNUT,520.0,2.0,8.0,0,Joburg Market,2026-07-29,104047.0,487.0,2188.0
BABY BUTTERNUT,7104.0,24.0,112.0,2,Joburg Market,2026-07-30,111151.0,511.0,2299.0
BABY CABBAGE,10414.0,112.0,375.0,253,Joburg Market,2026-07-09,73438.0,512.0,2153.0
BABY CABBAGE,10538.0,148.0,562.0,136,Joburg Market,2026-07-10,83976.0,660.0,2715.0
BABY CABBAGE,10538.0,148.0,562.0,136,Joburg Market,2026-07-11,83976.0,660.0,2715.0
BABY CABBAGE,4700.0,51.0,238.0,134,Joburg Market,2026-07-13,91872.0,729.0,3033.0
BABY CABBAGE,4700.0,51.0,238.0,134,Joburg Market,2026-07-14,91872.0,729.0,3033.0
BABY CABBAGE,7978.0,69.0,279.0,184,Joburg Market,2026-07-15,115140.0,889.0,3734.0
BABY CABBAGE,7754.0,89.0,221.0,136,Joburg Market,2026-07-18,132688.0,1053.0,4320.0
BABY CABBAGE,1032.0,7.0,28.0,188,Joburg Market,2026-07-20,136288.0,1083.0,4437.0
BABY CABBAGE,1032.0,7.0,28.0,188,Joburg Market,2026-07-21,136288.0,1083.0,4437.0
BABY CABBAGE,5524.0,40.0,155.0,239,Joburg Market,2026-07-23,162208.0,1246.0,5126.0
BABY CABBAGE,11510.0,123.0,450.0,330,Joburg Market,2026-07-24,180918.0,1419.0,6056.0
BABY CABBAGE,1700.0,17.0,60.0,408,Joburg Market,2026-07-25,175338.0,1384.0,5628.0
BABY CABBAGE,6618.0,105.0,437.0,303,Joburg Market,2026-07-27,181956.0,1489.0,6064.0
BABY CABBAGE,16150.0,142.0,590.0,215,Joburg Market,2026-07-28,198106.0,1631.0,6655.0
BABY CABBAGE,3926.0,47.0,174.0,0,Joburg Market,2026-07-29,202032.0,1678.0,6829.0
BABY CABBAGE,10420.0,79.0,365.0,162,Joburg Market,2026-07-30,212452.0,1757.0,7194.0
BABY CARROTS,20984.0,105.0,485.0,67,Joburg Market,2026-07-09,137178.0,784.0,2968.0
BABY CARROTS,9136.0,63.0,335.0,54,Joburg Market,2026-07-10,145714.0,845.0,3284.0
BABY CARROTS,9136.0,63.0,335.0,54,Joburg Market,2026-07-11,145714.0,845.0,3284.0
BABY CARROTS,1660.0,10.0,57.0,20,Joburg Market,2026-07-13,152630.0,873.0,3433.0
BABY CARROTS,1660.0,10.0,57.0,20,Joburg Market,2026-07-14,152630.0,873.0,3433.0
BABY CARROTS,9284.0,38.0,175.0,65,Joburg Market,2026-07-15,187482.0,1058.0,4203.0
BABY CARROTS,10108.0,60.0,254.0,128,Joburg Market,2026-07-18,211086.0,1179.0,4609.0
BABY CARROTS,2012.0,11.0,43.0,217,Joburg Market,2026-07-20,227464.0,1250.0,4941.0
BABY CARROTS,2012.0,11.0,43.0,217,Joburg Market,2026-07-21,227464.0,1250.0,4941.0
BABY CARROTS,21280.0,128.0,412.0,324,Joburg Market,2026-07-23,293448.0,1650.0,6574.0
BABY CARROTS,21408.0,79.0,380.0,292,Joburg Market,2026-07-24,314856.0,1729.0,6954.0
BABY CARROTS,6288.0,66.0,142.0,333,Joburg Market,2026-07-25,321144.0,1795.0,7096.0
BABY CARROTS,14654.0,172.0,880.0,146,Joburg Market,2026-07-27,335798.0,1967.0,7976.0
BABY CARROTS,36265.0,220.0,624.0,100,Joburg Market,2026-07-28,298933.0,1981.0,7502.0
BABY CARROTS,79910.0,242.0,1298.0,0,Joburg Market,2026-07-29,378843.0,2223.0,8800.0
BABY CARROTS,22974.0,193.0,905.0,94,Joburg Market,2026-07-30,326587.0,2203.0,8536.0
BEAN SPROUTS,1170.0,12.0,29.0,30,Joburg Market,2026-07-09,15194.0,151.0,359.0
BEAN SPROUTS,1020.0,11.0,26.0,18,Joburg Market,2026-07-10,16214.0,162.0,385.0
BEAN SPROUTS,1020.0,11.0,26.0,18,Joburg Market,2026-07-11,16214.0,162.0,385.0
BEAN SPROUTS,1454.0,25.0,60.0,60,Joburg Market,2026-07-13,17944.0,190.0,452.0
BEAN SPROUTS,1454.0,25.0,60.0,60,Joburg Market,2026-07-14,17944.0,190.0,452.0
BEAN SPROUTS,1140.0,10.0,24.0,14,Joburg Market,2026-07-15,24988.0,259.0,618.0
BEAN SPROUTS,864.0,8.0,19.0,7,Joburg Market,2026-07-18,26872.0,276.0,659.0
BEAN SPROUTS,3264.0,34.0,82.0,13,Joburg Market,2026-07-20,30328.0,312.0,746.0
BEAN SPROUTS,3264.0,34.0,82.0,13,Joburg Market,2026-07-21,30328.0,312.0,746.0
BEAN SPROUTS,1180.0,12.0,29.0,19,Joburg Market,2026-07-23,35012.0,358.0,856.0
BEAN SPROUTS,504.0,5.0,12.0,9,Joburg Market,2026-07-24,35516.0,363.0,868.0
BEAN SPROUTS,0.0,0.0,0.0,9,Joburg Market,2026-07-25,35516.0,363.0,868.0
BEAN SPROUTS,4122.0,43.0,103.0,42,Joburg Market,2026-07-27,39638.0,406.0,971.0
BEAN SPROUTS,2712.0,25.0,60.0,40,Joburg Market,2026-07-28,42350.0,431.0,1031.0
BEAN SPROUTS,1104.0,11.0,27.0,0,Joburg Market,2026-07-29,43454.0,442.0,1058.0
BEAN SPROUTS,2784.0,26.0,62.0,27,Joburg Market,2026-07-30,46238.0,468.0,1120.0
BEANS,250175.0,2457.0,10096.0,2453,Joburg Market,2026-07-09,2337221.0,20103.0,81088.0
BEANS,244199.0,2673.0,10936.0,1771,Joburg Market,2026-07-10,2566900.0,22711.0,91611.0
BEANS,244199.0,2673.0,10936.0,1771,Joburg Market,2026-07-11,2566900.0,22711.0,91611.0
BEANS,89635.0,1153.0,4643.0,1420,Joburg Market,2026-07-13,2822969.0,25537.0,103194.0
BEANS,89635.0,1153.0,4643.0,1420,Joburg Market,2026-07-14,2822969.0,25537.0,103194.0
BEANS,239250.0,2365.0,9497.0,2219,Joburg Market,2026-07-15,3379734.0,30800.0,124594.0
BEANS,240192.0,2885.0,11651.0,909,Joburg Market,2026-07-18,3988406.0,37657.0,152145.0
BEANS,80540.0,1047.0,4206.0,999,Joburg Market,2026-07-20,4203791.0,40281.0,162818.0
BEANS,80540.0,1047.0,4206.0,999,Joburg Market,2026-07-21,4203791.0,40281.0,162818.0
BEANS,332025.0,2900.0,11547.0,1086,Joburg Market,2026-07-23,5224052.0,50203.0,202857.0
BEANS,249285.0,2380.0,9534.0,1160,Joburg Market,2026-07-24,5413837.0,52271.0,210405.0
BEANS,185495.0,2189.0,8783.0,1426,Joburg Market,2026-07-25,5631537.0,54698.0,220616.0
BEANS,89655.0,1006.0,4071.0,2348,Joburg Market,2026-07-27,5721192.0,55704.0,224687.0
BEANS,497146.0,5115.0,20418.0,1432,Joburg Market,2026-07-28,6183003.0,60556.0,243547.0
BEANS,304728.36000000034,2437.0,11121.0,0,Joburg Market,2026-07-29,6487731.36,62993.0,254668.0
BEANS,351150.0,3719.0,14954.0,3399,Joburg Market,2026-07-30,6754226.36,65611.0,264825.0
BEANS INDIAN,2040.0,31.0,114.0,134,Joburg Market,2026-07-09,6740.0,113.0,427.0
BEANS INDIAN,610.0,12.0,48.0,122,Joburg Market,2026-07-10,6320.0,100.0,400.0
BEANS INDIAN,610.0,12.0,48.0,122,Joburg Market,2026-07-11,6320.0,100.0,400.0
BEANS INDIAN,1970.0,33.0,132.0,65,Joburg Market,2026-07-13,8850.0,144.0,576.0
BEANS INDIAN,1970.0,33.0,132.0,65,Joburg Market,2026-07-14,8850.0,144.0,576.0
BEANS INDIAN,590.0,16.0,64.0,32,Joburg Market,2026-07-15,10330.0,177.0,691.0
BEANS INDIAN,120.0,4.0,16.0,26,Joburg Market,2026-07-18,11070.0,190.0,743.0
BEANS INDIAN,700.0,14.0,54.0,192,Joburg Market,2026-07-20,11770.0,204.0,796.0
BEANS INDIAN,700.0,14.0,54.0,192,Joburg Market,2026-07-21,11770.0,204.0,796.0
BEANS INDIAN,2240.0,51.0,204.0,145,Joburg Market,2026-07-23,13990.0,256.0,1024.0
BEANS INDIAN,130.0,4.0,16.0,141,Joburg Market,2026-07-24,14120.0,260.0,1040.0
BEANS INDIAN,1160.0,42.0,168.0,99,Joburg Market,2026-07-25,15280.0,302.0,1208.0
BEANS INDIAN,240.0,5.0,20.0,95,Joburg Market,2026-07-27,15520.0,307.0,1228.0
BEANS INDIAN,760.0,26.0,104.0,80,Joburg Market,2026-07-28,16280.0,333.0,1332.0
BEANS INDIAN,960.0,55.0,220.0,0,Joburg Market,2026-07-29,17240.0,388.0,1552.0
BEANS INDIAN,990.0,16.0,64.0,25,Joburg Market,2026-07-30,18230.0,404.0,1616.0
BEETROOT,574145.0,6378.0,54291.0,14227,Joburg Market,2026-07-09,4319874.0,54413.0,452163.0
BEETROOT,678149.0,8589.0,69479.0,13476,Joburg Market,2026-07-10,4998023.0,63002.0,521642.0
BEETROOT,678149.0,8589.0,69479.0,13476,Joburg Market,2026-07-11,4998023.0,63002.0,521642.0
BEETROOT,365620.0,4108.0,35675.0,13089,Joburg Market,2026-07-13,5600718.0,70216.0,581457.0
BEETROOT,365620.0,4108.0,35675.0,13089,Joburg Market,2026-07-14,5600718.0,70216.0,581457.0
BEETROOT,563820.0,7347.0,57391.0,10130,Joburg Market,2026-07-15,6751489.0,84947.0,698624.0
BEETROOT,546947.0,8340.0,64476.0,21585,Joburg Market,2026-07-18,8208318.0,106106.0,857454.0
BEETROOT,440025.0,6643.0,58820.0,18551,Joburg Market,2026-07-20,9064419.0,119188.0,966636.0
BEETROOT,440025.0,6643.0,58820.0,18551,Joburg Market,2026-07-21,9064419.0,119188.0,966636.0
BEETROOT,663457.0,9274.0,74919.0,14995,Joburg Market,2026-07-23,10849453.0,144936.0,1173335.0
BEETROOT,612809.33,8520.0,72305.0,17032,Joburg Market,2026-07-24,11462262.3,153456.0,1245640.0
BEETROOT,290917.0,4416.0,32930.0,18368,Joburg Market,2026-07-25,11753179.3,157872.0,1278570.0
BEETROOT,225681.0,3289.0,29080.0,15566,Joburg Market,2026-07-27,11978860.3,161161.0,1307650.0
BEETROOT,634179.0,8702.0,71600.0,14816,Joburg Market,2026-07-28,12613039.3,169863.0,1379250.0
BEETROOT,753725.0,10320.0,80505.0,0,Joburg Market,2026-07-29,13366764.3,180183.0,1459755.0
BEETROOT,777425.0,9815.0,80585.0,15297,Joburg Market,2026-07-30,14144189.3,189998.0,1540340.0
BROCCOLI,137986.0,1850.0,7120.0,3402,Joburg Market,2026-07-09,1327768.0,18177.0,72409.0
BROCCOLI,158104.0,2052.0,7684.0,2564,Joburg Market,2026-07-10,1485872.0,20229.0,80092.0
BROCCOLI,158104.0,2052.0,7684.0,2564,Joburg Market,2026-07-11,1485872.0,20229.0,80092.0
BROCCOLI,43066.0,674.0,2203.0,950,Joburg Market,2026-07-13,1605930.0,21356.0,83627.0
BROCCOLI,43066.0,674.0,2203.0,950,Joburg Market,2026-07-14,1605930.0,21356.0,83627.0
BROCCOLI,180321.93,1429.0,4945.0,1056,Joburg Market,2026-07-15,2093559.93,25271.0,97915.0
BROCCOLI,253124.0,1764.0,6839.0,1047,Joburg Market,2026-07-18,2489833.93,28411.0,110583.0
BROCCOLI,178102.0,1160.0,4038.0,127,Joburg Market,2026-07-20,2785421.93,30278.0,116291.0
BROCCOLI,178102.0,1160.0,4038.0,127,Joburg Market,2026-07-21,2785421.93,30278.0,116291.0
BROCCOLI,362424.0,2162.0,7282.0,195,Joburg Market,2026-07-23,3668432.93,35967.0,136716.0
BROCCOLI,202046.0,1286.0,4410.0,177,Joburg Market,2026-07-24,3874418.93,37381.0,142405.0
BROCCOLI,74374.0,439.0,1384.0,105,Joburg Market,2026-07-25,3702070.93,35801.0,135062.0
BROCCOLI,114802.0,535.0,2256.0,29,Joburg Market,2026-07-27,2529280.0,22502.0,68826.0
BROCCOLI,479469.0,2560.0,8613.0,233,Joburg Market,2026-07-28,4543063.93,40915.0,154658.0
BROCCOLI,213537.0,1187.0,4240.0,0,Joburg Market,2026-07-29,4756600.93,42102.0,158898.0
BROCCOLI,272863.0,1532.0,5188.0,348,Joburg Market,2026-07-30,4857153.93,42254.0,158912.0
BROCCOLI FLORETTES,0.0,0.0,0.0,13,Joburg Market,2026-07-09,66526.0,178.0,989.0
BROCCOLI FLORETTES,780.0,13.0,31.0,0,Joburg Market,2026-07-10,67306.0,191.0,1020.0
BROCCOLI FLORETTES,780.0,13.0,31.0,0,Joburg Market,2026-07-11,67306.0,191.0,1020.0
BROCCOLI FLORETTES,160.0,1.0,3.0,3,Joburg Market,2026-07-15,67946.0,195.0,1033.0
BROCCOLI FLORETTES,0.0,0.0,0.0,3,Joburg Market,2026-07-18,67946.0,195.0,1033.0
BROCCOLI FLORETTES,6600.0,11.0,66.0,61,Joburg Market,2026-07-20,74546.0,206.0,1099.0
BROCCOLI FLORETTES,6600.0,11.0,66.0,61,Joburg Market,2026-07-21,74546.0,206.0,1099.0
BROCCOLI FLORETTES,32880.0,107.0,526.0,16,Joburg Market,2026-07-23,144716.0,382.0,2008.0
BROCCOLI FLORETTES,21260.0,37.0,179.0,87,Joburg Market,2026-07-24,162496.0,361.0,1955.0
BROCCOLI FLORETTES,4990.0,12.0,50.0,75,Joburg Market,2026-07-25,167486.0,373.0,2006.0
BROCCOLI FLORETTES,7020.0,13.0,26.0,62,Joburg Market,2026-07-27,174506.0,386.0,2032.0
BROCCOLI FLORETTES,29760.0,54.0,304.0,68,Joburg Market,2026-07-28,204266.0,440.0,2336.0
BROCCOLI FLORETTES,3300.0,6.0,36.0,0,Joburg Market,2026-07-29,207566.0,446.0,2372.0
BROCCOLI FLORETTES,33590.0,73.0,434.0,54,Joburg Market,2026-07-30,241156.0,519.0,2806.0
BROCCOLI LEAVES,1458.0,32.0,200.0,30,Joburg Market,2026-07-09,7863.0,429.0,1178.0
BROCCOLI LEAVES,1360.0,22.0,176.0,63,Joburg Market,2026-07-10,6985.0,129.0,1032.0
BROCCOLI LEAVES,1360.0,22.0,176.0,63,Joburg Market,2026-07-11,6985.0,129.0,1032.0
BROCCOLI LEAVES,150.0,4.0,32.0,22,Joburg Market,2026-07-13,8415.0,165.0,1320.0
BROCCOLI LEAVES,150.0,4.0,32.0,22,Joburg Market,2026-07-14,8415.0,165.0,1320.0
BROCCOLI LEAVES,1985.0,171.0,353.0,169,Joburg Market,2026-07-15,14993.0,703.0,2355.0
BROCCOLI LEAVES,0.0,0.0,0.0,105,Joburg Market,2026-07-18,3378.0,532.0,532.0
BROCCOLI LEAVES,0.0,0.0,0.0,105,Joburg Market,2026-07-20,3378.0,532.0,532.0
BROCCOLI LEAVES,0.0,0.0,0.0,105,Joburg Market,2026-07-21,3378.0,532.0,532.0
BROCCOLI LEAVES,2640.0,42.0,336.0,27,Joburg Market,2026-07-23,24698.0,1076.0,3673.0
BROCCOLI LEAVES,2800.0,40.0,320.0,0,Joburg Market,2026-07-24,23055.0,411.0,3288.0
BROCCOLI LEAVES,3910.0,230.0,447.0,0,Joburg Market,2026-07-28,31408.0,1346.0,4440.0
BROCCOLI LEAVES,581.0,83.0,83.0,0,Joburg Market,2026-07-29,31989.0,1429.0,4523.0
BROCCOLI LEAVES,2343.0,52.0,276.0,1,Joburg Market,2026-07-30,34332.0,1481.0,4799.0
BUTTER LETTUCE,16.0,1.0,2.0,70,Joburg Market,2026-07-09,922.0,15.0,30.0
BUTTER LETTUCE,16.0,1.0,2.0,69,Joburg Market,2026-07-10,938.0,16.0,32.0
BUTTER LETTUCE,16.0,1.0,2.0,69,Joburg Market,2026-07-11,938.0,16.0,32.0
BUTTER LETTUCE,456.0,38.0,76.0,20,Joburg Market,2026-07-13,2210.0,65.0,130.0
BUTTER LETTUCE,456.0,38.0,76.0,20,Joburg Market,2026-07-14,2210.0,65.0,130.0
BUTTER LETTUCE,384.0,4.0,8.0,38,Joburg Market,2026-07-15,3074.0,75.0,150.0
BUTTER LETTUCE,240.0,3.0,6.0,30,Joburg Market,2026-07-18,3714.0,83.0,166.0
BUTTER LETTUCE,0.0,0.0,0.0,29,Joburg Market,2026-07-20,3778.0,84.0,168.0
BUTTER LETTUCE,0.0,0.0,0.0,29,Joburg Market,2026-07-21,3778.0,84.0,168.0
BUTTER LETTUCE,4230.0,20.0,85.0,26,Joburg Market,2026-07-23,40218.0,263.0,910.0
BUTTER LETTUCE,856.0,9.0,18.0,17,Joburg Market,2026-07-24,9074.0,144.0,288.0
BUTTER LETTUCE,720.0,9.0,18.0,8,Joburg Market,2026-07-25,9794.0,153.0,306.0
BUTTER LETTUCE,780.0,8.0,16.0,0,Joburg Market,2026-07-27,10574.0,161.0,322.0
BUTTER LETTUCE,8696.0,43.0,167.0,35,Joburg Market,2026-07-28,51270.0,332.0,1129.0
BUTTER LETTUCE,1150.0,8.0,25.0,0,Joburg Market,2026-07-29,52420.0,340.0,1154.0
BUTTER LETTUCE,720.0,9.0,18.0,18,Joburg Market,2026-07-30,13640.0,191.0,382.0
BUTTERNUT,410090.0,10767.0,83205.0,32557,Joburg Market,2026-07-10,4971117.0,127348.0,996734.0
BUTTERNUT,410090.0,10767.0,83205.0,32557,Joburg Market,2026-07-11,4971117.0,127348.0,996734.0
BUTTERNUT,295964.0,7630.0,59685.0,42779,Joburg Market,2026-07-13,5513765.0,141173.0,1104791.0
BUTTERNUT,295964.0,7630.0,59685.0,42779,Joburg Market,2026-07-14,5513765.0,141173.0,1104791.0
BUTTERNUT,463144.0,11096.0,93831.0,48619,Joburg Market,2026-07-15,6723839.0,173277.0,1351623.0
BUTTERNUT,550736.0,14952.0,118228.0,47118,Joburg Market,2026-07-18,7753795.0,199436.0,1569019.0
BUTTERNUT,186588.0,5122.0,41902.0,53588,Joburg Market,2026-07-20,8256802.0,213702.0,1682239.0
BUTTERNUT,186588.0,5122.0,41902.0,53588,Joburg Market,2026-07-21,8256802.0,213702.0,1682239.0
BUTTERNUT,911802.5,23544.0,178933.0,23203,Joburg Market,2026-07-23,10821757.5,282166.0,2207710.0
BUTTERNUT,679829.0,17680.0,142531.0,22007,Joburg Market,2026-07-24,11449606.5,297385.0,2342858.0
BUTTERNUT,349775.0,8645.0,70698.0,20566,Joburg Market,2026-07-25,11799381.5,306030.0,2413556.0
BUTTERNUT,516542.0,13147.0,100911.0,15735,Joburg Market,2026-07-27,12315923.5,319177.0,2514467.0
BUTTERNUT,846398.0,19512.0,148974.0,9946,Joburg Market,2026-07-28,13162321.5,338689.0,2663441.0
BUTTERNUT,876079.9000000004,15190.0,125875.0,0,Joburg Market,2026-07-29,14038401.4,353879.0,2789316.0
BUTTERNUT,762225.0,15371.0,117314.0,34189,Joburg Market,2026-07-30,14779836.4,368788.0,2903396.0
CABBAGE,591543.0,18616.0,239882.0,27145,Joburg Market,2026-07-09,4722739.0,158871.0,1777051.0
CABBAGE,570763.0,18940.0,243735.0,25770,Joburg Market,2026-07-10,5293502.0,177811.0,2020786.0
CABBAGE,570763.0,18940.0,243735.0,25770,Joburg Market,2026-07-11,5293502.0,177811.0,2020786.0
CABBAGE,302087.0,12447.0,152007.0,13107,Joburg Market,2026-07-13,5969600.0,203353.0,2340313.0
CABBAGE,302087.0,12447.0,152007.0,13107,Joburg Market,2026-07-14,5969600.0,203353.0,2340313.0
CABBAGE,396312.0,18022.0,184164.0,22639,Joburg Market,2026-07-15,6916658.0,242551.0,2774041.0
CABBAGE,489952.0,21656.0,210804.0,19707,Joburg Market,2026-07-18,8036542.0,294936.0,3275291.0
CABBAGE,326726.0,13207.0,111030.0,7203,Joburg Market,2026-07-20,8864684.0,326947.0,3581123.0
CABBAGE,326726.0,13207.0,111030.0,7203,Joburg Market,2026-07-21,8864684.0,326947.0,3581123.0
CABBAGE,804553.0,31013.0,286598.0,26629,Joburg Market,2026-07-23,11245921.0,409843.0,4370619.0
CABBAGE,820258.0,32208.0,307983.0,12164,Joburg Market,2026-07-24,12074484.0,442302.0,4679355.0
CABBAGE,465212.0,11397.0,165330.0,7788,Joburg Market,2026-07-25,12539696.0,453699.0,4844685.0
CABBAGE,490328.0,10636.0,176175.0,3799,Joburg Market,2026-07-27,13027424.0,464275.0,5020716.0
CABBAGE,903730.0,28098.0,280156.0,8798,Joburg Market,2026-07-28,13933754.0,492433.0,5301016.0
CABBAGE,539467.0,17960.0,182241.0,0,Joburg Market,2026-07-29,14473221.0,510393.0,5483257.0
CABBAGE,766743.0,21191.0,293455.0,16033,Joburg Market,2026-07-30,15239964.0,531584.0,5776712.0
CABBAGE RED,67432.0,624.0,1724.0,514,Joburg Market,2026-07-09,479574.0,4099.0,9312.0
CABBAGE RED,41611.0,389.0,1215.0,1627,Joburg Market,2026-07-10,526275.0,4526.0,10699.0
CABBAGE RED,41611.0,389.0,1215.0,1627,Joburg Market,2026-07-11,526275.0,4526.0,10699.0
CABBAGE RED,19014.0,186.0,539.0,1189,Joburg Market,2026-07-13,585041.0,5095.0,12176.0
CABBAGE RED,19014.0,186.0,539.0,1189,Joburg Market,2026-07-14,585041.0,5095.0,12176.0
CABBAGE RED,43565.0,502.0,1224.0,1865,Joburg Market,2026-07-15,675267.0,6071.0,14667.0
CABBAGE RED,56874.0,705.0,1600.0,1809,Joburg Market,2026-07-18,817179.0,7542.0,18424.0
CABBAGE RED,26825.0,332.0,756.0,1624,Joburg Market,2026-07-20,865650.0,8108.0,19661.0
CABBAGE RED,26825.0,332.0,756.0,1624,Joburg Market,2026-07-21,865650.0,8108.0,19661.0
CABBAGE RED,61656.0,675.0,1932.0,916,Joburg Market,2026-07-23,1080206.0,10545.0,25946.0
CABBAGE RED,34428.0,448.0,1111.0,478,Joburg Market,2026-07-24,1099248.0,10836.0,26223.0
CABBAGE RED,21446.0,266.0,612.0,428,Joburg Market,2026-07-25,1118984.0,11078.0,26751.0
CABBAGE RED,24570.0,289.0,583.0,271,Joburg Market,2026-07-27,1124654.0,11242.0,25335.0
CABBAGE RED,77638.0,797.0,1704.0,340,Joburg Market,2026-07-28,1217678.0,12196.0,27873.0
CABBAGE RED,79506.0,740.0,1609.0,0,Joburg Market,2026-07-29,1297184.0,12936.0,29482.0
CABBAGE RED,65693.0,640.0,1442.0,738,Joburg Market,2026-07-30,1362877.0,13576.0,30923.0
CABBAGE SUGAR,0.0,0.0,0.0,2,Joburg Market,2026-07-23,870.0,12.0,192.0
CABBAGE SUGAR,0.0,0.0,0.0,2,Joburg Market,2026-07-24,870.0,12.0,192.0
CABBAGE SUGAR,0.0,0.0,0.0,2,Joburg Market,2026-07-25,870.0,12.0,192.0
CABBAGE SUGAR,0.0,0.0,0.0,2,Joburg Market,2026-07-27,870.0,12.0,192.0
CABBAGE SUGAR,0.0,0.0,0.0,2,Joburg Market,2026-07-28,870.0,12.0,192.0
CABBAGE SUGAR,40.0,2.0,32.0,0,Joburg Market,2026-07-29,910.0,14.0,224.0
CARROTS,1122390.0,22231.0,172627.0,42834,Joburg Market,2026-07-09,9462861.54,188224.0,1485397.0
CARROTS,1089530.0,22602.0,179878.0,47937,Joburg Market,2026-07-10,10552391.5,210826.0,1665275.0
CARROTS,1089530.0,22602.0,179878.0,47937,Joburg Market,2026-07-11,10552391.5,210826.0,1665275.0
CARROTS,652363.0,14556.0,118179.0,41825,Joburg Market,2026-07-13,12130004.5,245444.0,1943685.0
CARROTS,652363.0,14556.0,118179.0,41825,Joburg Market,2026-07-14,12130004.5,245444.0,1943685.0
CARROTS,1076335.0,24733.0,193494.0,44464,Joburg Market,2026-07-15,14195060.5,289464.0,2301148.0
CARROTS,974388.9,22550.0,188597.0,47668,Joburg Market,2026-07-18,16331526.4,339228.0,2710542.0
CARROTS,648771.0,16122.0,127165.0,35179,Joburg Market,2026-07-20,17645781.4,372501.0,2971691.0
CARROTS,648771.0,16122.0,127165.0,35179,Joburg Market,2026-07-21,17645781.4,372501.0,2971691.0
CARROTS,1133814.0,26177.0,212079.0,39369,Joburg Market,2026-07-23,20914708.6,448606.0,3586966.0
CARROTS,1137792.0,27591.0,223415.0,35762,Joburg Market,2026-07-24,22052500.6,476197.0,3810381.0
CARROTS,550847.37,13444.0,104012.0,37261,Joburg Market,2026-07-25,22603348.0,489641.0,3914393.0
CARROTS,618129.0,16042.0,126125.0,33570,Joburg Market,2026-07-27,23221477.0,505683.0,4040518.0
CARROTS,1278056.0,29120.0,235473.0,33972,Joburg Market,2026-07-28,24499533.0,534803.0,4275991.0
CARROTS,1074674.0,24030.0,197286.0,0,Joburg Market,2026-07-29,25574207.0,558833.0,4473277.0
CARROTS,1207571.0,27080.0,216913.0,32920,Joburg Market,2026-07-30,26781778.0,585913.0,4690190.0
CHILLIES,287782.96,5091.0,17296.0,8343,Joburg Market,2026-07-08,2012795.6,35418.0,119071.0
CHILLIES,370632.0,5722.0,20273.0,11334,Joburg Market,2026-07-09,2264223.6,40082.0,137228.0
CHILLIES,256682.0,4839.0,16868.0,11346,Joburg Market,2026-07-10,2520905.6,44921.0,154096.0
CHILLIES,256682.0,4839.0,16868.0,11346,Joburg Market,2026-07-11,2520905.6,44921.0,154096.0
CHILLIES,153516.0,2773.0,9381.0,10673,Joburg Market,2026-07-13,2961847.72,51613.0,174971.0
CHILLIES,153516.0,2773.0,9381.0,10673,Joburg Market,2026-07-14,2961847.72,51613.0,174971.0
CHILLIES,260363.0,4852.0,17305.0,12352,Joburg Market,2026-07-15,3542928.72,61235.0,208937.0
CHILLIES,247786.0,5108.0,16860.0,11440,Joburg Market,2026-07-18,4099213.72,72416.0,245562.0
CHILLIES,138822.0,2823.0,9489.0,11233,Joburg Market,2026-07-20,4394589.38,78064.0,263500.0
CHILLIES,138822.0,2823.0,9489.0,11233,Joburg Market,2026-07-21,4394589.38,78064.0,263500.0
CHILLIES,304571.31,5497.0,19172.0,11843,Joburg Market,2026-07-23,5226695.35,94427.0,317757.0
CHILLIES,241622.0,4416.0,14817.0,10626,Joburg Market,2026-07-24,5489137.35,98980.0,332793.0
CHILLIES,209289.14,5110.0,16021.0,9738,Joburg Market,2026-07-25,5698426.49,104090.0,348814.0
CHILLIES,119077.0,2510.0,8307.0,8987,Joburg Market,2026-07-27,5817503.49,106600.0,357120.0
CHILLIES,399669.0,6582.0,21829.0,9174,Joburg Market,2026-07-28,6211622.49,113050.0,378331.0
CHILLIES,327159.0,5742.0,19997.0,0,Joburg Market,2026-07-29,6538781.49,118792.0,398328.0
CHILLIES,346890.0,6156.0,21966.0,16827,Joburg Market,2026-07-30,6885671.49,124948.0,420295.0
COCKTAIL TOMATOES,35022.0,240.0,1117.0,14,Joburg Market,2026-07-08,171801.0,1317.0,6654.0
COCKTAIL TOMATOES,28428.0,206.0,979.0,140,Joburg Market,2026-07-09,193264.0,1379.0,6487.0
COCKTAIL TOMATOES,25506.0,165.0,733.0,12,Joburg Market,2026-07-10,218770.0,1544.0,7220.0
COCKTAIL TOMATOES,25506.0,165.0,733.0,12,Joburg Market,2026-07-11,218770.0,1544.0,7220.0
COCKTAIL TOMATOES,0.0,0.0,0.0,5,Joburg Market,2026-07-13,200138.0,1454.0,6973.0
COCKTAIL TOMATOES,0.0,0.0,0.0,5,Joburg Market,2026-07-14,200138.0,1454.0,6973.0
COCKTAIL TOMATOES,4802.0,23.0,75.0,6,Joburg Market,2026-07-15,228684.0,1590.0,7410.0
COCKTAIL TOMATOES,0.0,0.0,0.0,5,Joburg Market,2026-07-18,4260.0,19.0,61.0
COCKTAIL TOMATOES,200.0,2.0,7.0,0,Joburg Market,2026-07-20,1640.0,6.0,22.0
COCKTAIL TOMATOES,200.0,2.0,7.0,0,Joburg Market,2026-07-21,1640.0,6.0,22.0
COCKTAIL TOMATOES,20800.0,139.0,653.0,2,Joburg Market,2026-07-23,343460.0,2299.0,11120.0
COCKTAIL TOMATOES,20636.0,155.0,891.0,64,Joburg Market,2026-07-24,387201.0,2749.0,14365.0
COCKTAIL TOMATOES,5104.0,31.0,219.0,49,Joburg Market,2026-07-25,392305.0,2780.0,14584.0
COCKTAIL TOMATOES,5100.0,49.0,401.0,0,Joburg Market,2026-07-27,90981.0,638.0,4425.0
COCKTAIL TOMATOES,19800.0,110.0,528.0,0,Joburg Market,2026-07-28,326224.0,2301.0,11088.0
COCKTAIL TOMATOES,94437.0,654.0,4477.0,0,Joburg Market,2026-07-29,420661.0,2955.0,15565.0
COCKTAIL TOMATOES,1800.0,10.0,30.0,0,Joburg Market,2026-07-30,4620.0,25.0,77.0
CORN/BEANS/SNAP PEAS,3072.0,14.0,3.0,0,Joburg Market,2026-07-09,3072.0,14.0,3.0
CORN/BEANS/SNAP PEAS,3072.0,14.0,3.0,0,Joburg Market,2026-07-10,3072.0,14.0,3.0
CORN/BEANS/SNAP PEAS,0.0,0.0,0.0,50,Joburg Market,2026-07-13,3072.0,14.0,3.0
CORN/BEANS/SNAP PEAS,0.0,0.0,0.0,50,Joburg Market,2026-07-14,3072.0,14.0,3.0
CORN/BEANS/SNAP PEAS,0.0,0.0,0.0,50,Joburg Market,2026-07-15,3072.0,14.0,3.0
CORN/BEANS/SNAP PEAS,0.0,0.0,0.0,50,Joburg Market,2026-07-18,3072.0,14.0,3.0
CORN/BEANS/SNAP PEAS,12450.0,50.0,10.0,0,Joburg Market,2026-07-20,15522.0,64.0,13.0
CORN/BEANS/SNAP PEAS,12450.0,50.0,10.0,0,Joburg Market,2026-07-21,15522.0,64.0,13.0
CORN/BEANS/SNAP PEAS,0.0,0.0,0.0,50,Joburg Market,2026-07-23,15522.0,64.0,13.0
CORN/BEANS/SNAP PEAS,0.0,0.0,0.0,50,Joburg Market,2026-07-24,15522.0,64.0,13.0
CORN/BEANS/SNAP PEAS,0.0,0.0,0.0,50,Joburg Market,2026-07-25,15522.0,64.0,13.0
CORN/BEANS/SNAP PEAS,0.0,0.0,0.0,50,Joburg Market,2026-07-27,15522.0,64.0,13.0
CORN/BEANS/SNAP PEAS,0.0,0.0,0.0,50,Joburg Market,2026-07-28,15522.0,64.0,13.0
CORN/BEANS/SNAP PEAS,0.0,0.0,0.0,0,Joburg Market,2026-07-29,15522.0,64.0,13.0
CORN/BEANS/SNAP PEAS,0.0,0.0,0.0,50,Joburg Market,2026-07-30,15522.0,64.0,13.0
CRUSHED GINGER/GARLIC,1994.4,8.0,32.0,72,Joburg Market,2026-07-09,33415.2,125.0,584.0
CRUSHED GINGER/GARLIC,1533.6,6.0,25.0,66,Joburg Market,2026-07-10,34948.8,131.0,610.0
CRUSHED GINGER/GARLIC,1533.6,6.0,25.0,66,Joburg Market,2026-07-11,34948.8,131.0,610.0
CRUSHED GINGER/GARLIC,921.6,4.0,14.0,141,Joburg Market,2026-07-13,36134.4,136.0,629.0
CRUSHED GINGER/GARLIC,921.6,4.0,14.0,141,Joburg Market,2026-07-14,36134.4,136.0,629.0
CRUSHED GINGER/GARLIC,2530.8,10.0,41.0,90,Joburg Market,2026-07-15,50487.6,187.0,890.0
CRUSHED GINGER/GARLIC,748.8,3.0,13.0,81,Joburg Market,2026-07-18,52676.4,196.0,928.0
CRUSHED GINGER/GARLIC,2764.8,12.0,43.0,137,Joburg Market,2026-07-20,55977.6,210.0,980.0
CRUSHED GINGER/GARLIC,2764.8,12.0,43.0,137,Joburg Market,2026-07-21,55977.6,210.0,980.0
CRUSHED GINGER/GARLIC,1821.6,7.0,31.0,82,Joburg Market,2026-07-23,70500.0,265.0,1241.0
CRUSHED GINGER/GARLIC,2127.6,8.0,37.0,74,Joburg Market,2026-07-24,72627.6,273.0,1278.0
CRUSHED GINGER/GARLIC,921.6,4.0,14.0,70,Joburg Market,2026-07-25,73549.2,277.0,1292.0
CRUSHED GINGER/GARLIC,460.8,2.0,7.0,138,Joburg Market,2026-07-27,74010.0,279.0,1300.0
CRUSHED GINGER/GARLIC,3585.6,13.0,66.0,125,Joburg Market,2026-07-28,77595.6,292.0,1366.0
CRUSHED GINGER/GARLIC,3830.399999999994,14.0,64.0,0,Joburg Market,2026-07-29,81426.0,306.0,1430.0
CRUSHED GINGER/GARLIC,2052.0,8.0,35.0,103,Joburg Market,2026-07-30,83478.0,314.0,1465.0
CUCUMBER,5460.0,91.0,455.0,0,Joburg Market,2026-07-13,10640.0,179.0,895.0
CUCUMBER,5200.0,65.0,293.0,0,Joburg Market,2026-07-15,5800.0,70.0,315.0
CUCUMBER,1665.0,18.0,81.0,68,Joburg Market,2026-07-18,8095.0,95.0,428.0
CUCUMBER,150.0,2.0,9.0,64,Joburg Market,2026-07-20,8430.0,99.0,446.0
CUCUMBER,150.0,2.0,9.0,64,Joburg Market,2026-07-21,8430.0,99.0,446.0
CUCUMBER,8000.0,40.0,200.0,0,Joburg Market,2026-07-25,18640.0,219.0,1095.0
CUCUMBER,,,,0,Joburg Market,2026-07-29,2890.0,26.0,260.0
CUCUMBER,480.0,4.0,40.0,8,Joburg Market,2026-07-30,3370.0,30.0,300.0
DRIED BEANS,2760.0,11.0,110.0,27,Joburg Market,2026-07-09,3540.0,14.0,140.0
DRIED BEANS,0.0,0.0,0.0,27,Joburg Market,2026-07-10,3540.0,14.0,140.0
DRIED BEANS,0.0,0.0,0.0,27,Joburg Market,2026-07-11,3540.0,14.0,140.0
DRIED BEANS,0.0,0.0,0.0,25,Joburg Market,2026-07-13,4050.0,16.0,160.0
DRIED BEANS,0.0,0.0,0.0,25,Joburg Market,2026-07-14,4050.0,16.0,160.0
DRIED BEANS,0.0,0.0,0.0,25,Joburg Market,2026-07-15,4050.0,16.0,160.0
DRIED BEANS,0.0,0.0,0.0,24,Joburg Market,2026-07-18,4310.0,17.0,170.0
DRIED BEANS,0.0,0.0,0.0,24,Joburg Market,2026-07-20,4310.0,17.0,170.0
DRIED BEANS,0.0,0.0,0.0,24,Joburg Market,2026-07-21,4310.0,17.0,170.0
DRIED BEANS,0.0,0.0,0.0,24,Joburg Market,2026-07-23,4310.0,17.0,170.0
DRIED BEANS,250.0,1.0,10.0,23,Joburg Market,2026-07-24,4560.0,18.0,180.0
DRIED BEANS,0.0,0.0,0.0,23,Joburg Market,2026-07-25,4560.0,18.0,180.0
DRIED BEANS,0.0,0.0,0.0,23,Joburg Market,2026-07-27,4560.0,18.0,180.0
DRIED BEANS,250.0,1.0,10.0,22,Joburg Market,2026-07-28,4810.0,19.0,190.0
DRIED BEANS,0.0,0.0,0.0,0,Joburg Market,2026-07-29,4810.0,19.0,190.0
DRIED BEANS,0.0,0.0,0.0,22,Joburg Market,2026-07-30,4810.0,19.0,190.0
ENGLISH CUCUMBER,449765.0,3691.0,28244.0,3286,Joburg Market,2026-07-09,4015553.0,35770.0,272837.0
ENGLISH CUCUMBER,666849.0,5246.0,40240.0,4619,Joburg Market,2026-07-10,4682402.0,41016.0,313077.0
ENGLISH CUCUMBER,666849.0,5246.0,40240.0,4619,Joburg Market,2026-07-11,4682402.0,41016.0,313077.0
ENGLISH CUCUMBER,188760.0,1471.0,11397.0,2043,Joburg Market,2026-07-13,5243632.0,46182.0,351859.0
ENGLISH CUCUMBER,188760.0,1471.0,11397.0,2043,Joburg Market,2026-07-14,5243632.0,46182.0,351859.0
ENGLISH CUCUMBER,366975.0,3326.0,24634.0,5160,Joburg Market,2026-07-15,6372252.0,55777.0,423505.0
ENGLISH CUCUMBER,528405.0,4472.0,34573.0,4453,Joburg Market,2026-07-18,7430447.0,64524.0,491114.0
ENGLISH CUCUMBER,239265.0,2303.0,17968.0,2339,Joburg Market,2026-07-20,7932187.0,69483.0,529371.0
ENGLISH CUCUMBER,239265.0,2303.0,17968.0,2339,Joburg Market,2026-07-21,7932187.0,69483.0,529371.0
ENGLISH CUCUMBER,539695.0,5522.0,41218.0,1382,Joburg Market,2026-07-23,9938622.0,87050.0,664666.0
ENGLISH CUCUMBER,766170.0,5793.0,44484.0,1777,Joburg Market,2026-07-24,10704792.0,92843.0,709150.0
ENGLISH CUCUMBER,358650.0,2626.0,20270.0,1345,Joburg Market,2026-07-25,11063442.0,95469.0,729420.0
ENGLISH CUCUMBER,72860.0,681.0,5136.0,662,Joburg Market,2026-07-27,11136302.0,96150.0,734556.0
ENGLISH CUCUMBER,1509265.0,9120.0,70695.0,1186,Joburg Market,2026-07-28,12645567.0,105270.0,805251.0
ENGLISH CUCUMBER,512713.0,3401.0,25741.0,0,Joburg Market,2026-07-29,13158280.0,108671.0,830992.0
ENGLISH CUCUMBER,403448.0,2255.0,17596.0,421,Joburg Market,2026-07-30,13561728.0,110926.0,848588.0
GARLIC,154460.0,296.0,2709.0,2769,Joburg Market,2026-07-09,1356831.0,3681.0,28642.0
GARLIC,224775.0,487.0,4373.0,2372,Joburg Market,2026-07-10,1581356.0,4163.0,32984.0
GARLIC,224775.0,487.0,4373.0,2372,Joburg Market,2026-07-11,1581356.0,4163.0,32984.0
GARLIC,92840.0,160.0,1521.0,2627,Joburg Market,2026-07-13,1733565.0,4437.0,35583.0
GARLIC,92840.0,160.0,1521.0,2627,Joburg Market,2026-07-14,1733565.0,4437.0,35583.0
GARLIC,164030.0,445.0,3662.0,2531,Joburg Market,2026-07-15,2036005.0,5101.0,41504.0
GARLIC,109263.0,448.0,2522.0,2086,Joburg Market,2026-07-18,2302598.0,5892.0,46637.0
GARLIC,94740.0,163.0,1571.0,1758,Joburg Market,2026-07-20,2482848.0,6122.0,49359.0
GARLIC,94740.0,163.0,1571.0,1758,Joburg Market,2026-07-21,2482848.0,6122.0,49359.0
GARLIC,139695.0,246.0,2158.0,1558,Joburg Market,2026-07-23,3077593.0,7182.0,59463.0
GARLIC,146200.0,368.0,2873.0,1248,Joburg Market,2026-07-24,3223793.0,7550.0,62336.0
GARLIC,69690.0,112.0,1084.0,1742,Joburg Market,2026-07-25,3293483.0,7662.0,63419.0
GARLIC,51630.0,82.0,794.0,1810,Joburg Market,2026-07-27,3345113.0,7744.0,64213.0
GARLIC,276930.0,420.0,4148.0,1412,Joburg Market,2026-07-28,3622043.0,8164.0,68361.0
GARLIC,231050.0,399.0,3782.0,0,Joburg Market,2026-07-29,3853093.0,8563.0,72143.0
GARLIC,209560.0,337.0,3248.0,1256,Joburg Market,2026-07-30,3973353.0,8751.0,73901.0
GARLIC PROCESSED,12131.4,57.0,277.0,333,Joburg Market,2026-07-09,134148.4,597.0,2938.0
GARLIC PROCESSED,4086.8,20.0,107.0,363,Joburg Market,2026-07-10,138235.2,617.0,3045.0
GARLIC PROCESSED,4086.8,20.0,107.0,363,Joburg Market,2026-07-11,138235.2,617.0,3045.0
GARLIC PROCESSED,8805.0,37.0,203.0,511,Joburg Market,2026-07-13,154306.4,689.0,3434.0
GARLIC PROCESSED,8805.0,37.0,203.0,511,Joburg Market,2026-07-14,154306.4,689.0,3434.0
GARLIC PROCESSED,7993.4,39.0,178.0,413,Joburg Market,2026-07-15,193523.0,857.0,4319.0
GARLIC PROCESSED,7538.2,43.0,197.0,339,Joburg Market,2026-07-18,179890.0,823.0,4089.0
GARLIC PROCESSED,5698.4,26.0,113.0,492,Joburg Market,2026-07-20,219033.4,978.0,4897.0
GARLIC PROCESSED,5698.4,26.0,113.0,492,Joburg Market,2026-07-21,219033.4,978.0,4897.0
GARLIC PROCESSED,10774.2,48.0,246.0,298,Joburg Market,2026-07-23,259068.6,1172.0,5811.0
GARLIC PROCESSED,6144.8,27.0,122.0,346,Joburg Market,2026-07-24,265213.4,1199.0,5934.0
GARLIC PROCESSED,4085.8,17.0,88.0,329,Joburg Market,2026-07-25,269299.2,1216.0,6022.0
GARLIC PROCESSED,4136.4,21.0,107.0,548,Joburg Market,2026-07-27,273435.6,1237.0,6129.0
GARLIC PROCESSED,11496.8,50.0,252.0,528,Joburg Market,2026-07-28,284932.4,1287.0,6381.0
GARLIC PROCESSED,12531.399999999963,54.0,256.0,0,Joburg Market,2026-07-29,297463.8,1341.0,6637.0
GARLIC PROCESSED,12377.4,77.0,412.0,397,Joburg Market,2026-07-30,309841.2,1418.0,7049.0
GINGER PROCESSED,700.0,2.0,10.0,15,Joburg Market,2026-07-09,14849.0,35.0,202.0
GINGER PROCESSED,0.0,0.0,0.0,25,Joburg Market,2026-07-10,14849.0,35.0,202.0
GINGER PROCESSED,0.0,0.0,0.0,25,Joburg Market,2026-07-11,14849.0,35.0,202.0
GINGER PROCESSED,0.0,0.0,0.0,25,Joburg Market,2026-07-13,14849.0,35.0,202.0
GINGER PROCESSED,0.0,0.0,0.0,25,Joburg Market,2026-07-14,14849.0,35.0,202.0
GINGER PROCESSED,6840.0,15.0,90.0,23,Joburg Market,2026-07-15,22601.0,52.0,304.0
GINGER PROCESSED,0.0,0.0,0.0,23,Joburg Market,2026-07-18,22601.0,52.0,304.0
GINGER PROCESSED,806.0,2.0,11.0,19,Joburg Market,2026-07-20,24107.0,56.0,325.0
GINGER PROCESSED,806.0,2.0,11.0,19,Joburg Market,2026-07-21,24107.0,56.0,325.0
GINGER PROCESSED,0.0,0.0,0.0,17,Joburg Market,2026-07-23,24807.0,58.0,335.0
GINGER PROCESSED,2280.0,5.0,30.0,32,Joburg Market,2026-07-24,27087.0,63.0,365.0
GINGER PROCESSED,0.0,0.0,0.0,32,Joburg Market,2026-07-25,27087.0,63.0,365.0
GINGER PROCESSED,0.0,0.0,0.0,32,Joburg Market,2026-07-27,27087.0,63.0,365.0
GINGER PROCESSED,0.0,0.0,0.0,32,Joburg Market,2026-07-28,27087.0,63.0,365.0
GINGER PROCESSED,2250.0,5.0,30.0,0,Joburg Market,2026-07-29,29337.0,68.0,395.0
GINGER PROCESSED,1506.0,4.0,21.0,23,Joburg Market,2026-07-30,30843.0,72.0,416.0
GINGER ROOT,240370.0,891.0,4935.0,4525,Joburg Market,2026-07-09,1591168.0,6042.0,34648.0
GINGER ROOT,137740.0,413.0,2865.0,4278,Joburg Market,2026-07-10,1728908.0,6455.0,37513.0
GINGER ROOT,137740.0,413.0,2865.0,4278,Joburg Market,2026-07-11,1728908.0,6455.0,37513.0
GINGER ROOT,99010.0,393.0,2480.0,4447,Joburg Market,2026-07-13,1970938.0,7389.0,44923.0
GINGER ROOT,99010.0,393.0,2480.0,4447,Joburg Market,2026-07-14,1970938.0,7389.0,44923.0
GINGER ROOT,121400.0,455.0,2776.0,6152,Joburg Market,2026-07-15,2329838.0,8971.0,55622.0
GINGER ROOT,112260.0,524.0,2840.0,5312,Joburg Market,2026-07-18,2630926.0,10270.0,62409.0
GINGER ROOT,85368.0,391.0,2151.0,4682,Joburg Market,2026-07-20,2822144.0,11120.0,67053.0
GINGER ROOT,85368.0,391.0,2151.0,4682,Joburg Market,2026-07-21,2822144.0,11120.0,67053.0
GINGER ROOT,207270.0,842.0,4897.0,4956,Joburg Market,2026-07-23,3288801.0,12935.0,75445.0
GINGER ROOT,133370.0,496.0,3470.0,4535,Joburg Market,2026-07-24,3422171.0,13431.0,78915.0
GINGER ROOT,101948.0,543.0,3906.0,4292,Joburg Market,2026-07-25,3478092.0,13429.0,80812.0
GINGER ROOT,129150.0,728.0,5049.0,3639,Joburg Market,2026-07-27,3597982.0,14087.0,85301.0
GINGER ROOT,181620.0,632.0,3708.0,4706,Joburg Market,2026-07-28,3817502.0,14915.0,90381.0
GINGER ROOT,172670.0,766.0,5233.0,0,Joburg Market,2026-07-29,3990172.0,15681.0,95614.0
GINGER ROOT,193967.0,791.0,4236.0,5816,Joburg Market,2026-07-30,4182939.0,16442.0,99250.0
GREEN ONIONS,408.0,34.0,51.0,0,Joburg Market,2026-07-13,1372.0,116.0,174.0
GREEN ONIONS,420.0,35.0,53.0,0,Joburg Market,2026-07-28,2992.0,251.0,377.0
GREEN ONIONS,0.0,0.0,0.0,0,Joburg Market,2026-07-29,2992.0,251.0,377.0
GREEN PEPPERS,952182.0,15821.0,77613.0,11928,Joburg Market,2026-07-08,5939653.0,113367.0,559269.0
GREEN PEPPERS,854295.0,14242.0,70372.0,19550,Joburg Market,2026-07-09,6843938.0,128355.0,637101.0
GREEN PEPPERS,738755.0,14848.0,72978.0,21462,Joburg Market,2026-07-10,7530973.0,142414.0,702189.0
GREEN PEPPERS,738755.0,14848.0,72978.0,21462,Joburg Market,2026-07-11,7530973.0,142414.0,702189.0
GREEN PEPPERS,640477.0,12378.0,60637.0,11604,Joburg Market,2026-07-13,9019081.0,170830.0,846196.0
GREEN PEPPERS,640477.0,12378.0,60637.0,11604,Joburg Market,2026-07-14,9019081.0,170830.0,846196.0
GREEN PEPPERS,713543.0,15595.0,80491.0,28771,Joburg Market,2026-07-15,10456828.0,200553.0,994600.0
GREEN PEPPERS,719215.0,17067.0,84881.0,22728,Joburg Market,2026-07-18,11670163.0,230395.0,1139944.0
GREEN PEPPERS,419480.0,9654.0,47126.0,8494,Joburg Market,2026-07-20,12512495.0,251494.0,1244081.0
GREEN PEPPERS,419480.0,9654.0,47126.0,8494,Joburg Market,2026-07-21,12512495.0,251494.0,1244081.0
GREEN PEPPERS,837196.5,17556.0,88227.0,13881,Joburg Market,2026-07-23,14971852.5,301342.0,1496795.0
GREEN PEPPERS,825028.0,18641.0,91944.0,16243,Joburg Market,2026-07-24,15500675.5,316254.0,1555975.0
GREEN PEPPERS,470556.0,11137.0,55617.0,19853,Joburg Market,2026-07-25,16095491.5,328857.0,1626253.0
GREEN PEPPERS,632662.0,12894.0,61225.0,9986,Joburg Market,2026-07-27,16726793.5,341544.0,1687271.0
GREEN PEPPERS,1409943.63,23972.0,117682.0,6360,Joburg Market,2026-07-28,18135317.1,365457.0,1804775.0
GREEN PEPPERS,972872.0,15899.0,86135.0,0,Joburg Market,2026-07-29,19108189.1,381356.0,1890910.0
GREEN PEPPERS,1202196.0,20026.0,100043.0,12864,Joburg Market,2026-07-30,20308965.1,401323.0,1990776.0
LETTUCE,564609.0,5343.0,17987.0,6024,Joburg Market,2026-07-09,4996868.45,42150.0,142162.0
LETTUCE,484866.0,4948.0,17752.0,6408,Joburg Market,2026-07-10,5481734.45,47098.0,159915.0
LETTUCE,484866.0,4948.0,17752.0,6408,Joburg Market,2026-07-11,5481734.45,47098.0,159915.0
LETTUCE,259618.0,3186.0,10877.0,4463,Joburg Market,2026-07-13,6052086.45,54084.0,182898.0
LETTUCE,259618.0,3186.0,10877.0,4463,Joburg Market,2026-07-14,6052086.45,54084.0,182898.0
LETTUCE,408331.0,6103.0,19988.0,5900,Joburg Market,2026-07-15,6991223.45,67294.0,228780.0
LETTUCE,328579.0,6001.0,19055.0,4242,Joburg Market,2026-07-18,7770745.45,80037.0,272265.0
LETTUCE,165864.0,2625.0,9224.0,1300,Joburg Market,2026-07-20,8205977.45,87475.0,295729.0
LETTUCE,165864.0,2625.0,9224.0,1300,Joburg Market,2026-07-21,8205977.45,87475.0,295729.0
LETTUCE,581764.0,8630.0,27313.0,6162,Joburg Market,2026-07-23,9900951.45,109751.0,367055.0
LETTUCE,431958.0,7074.0,21927.0,5799,Joburg Market,2026-07-24,10298959.5,116687.0,388293.0
LETTUCE,316210.0,5272.0,15131.0,4057,Joburg Market,2026-07-25,10615169.5,121959.0,403424.0
LETTUCE,298314.0,4895.0,15383.0,2115,Joburg Market,2026-07-27,10913483.5,126854.0,418807.0
LETTUCE,541212.0,7108.0,21843.0,2655,Joburg Market,2026-07-28,11488645.5,134100.0,441340.0
LETTUCE,441227.0,6000.0,18158.0,0,Joburg Market,2026-07-29,11929872.5,140100.0,459498.0
LETTUCE,627176.0,7934.0,31412.0,1653,Joburg Market,2026-07-30,12557048.5,148034.0,490910.0
ONIONS,7546053.0,89969.0,758281.0,56705,Joburg Market,2026-07-09,50296923.8,782912.0,6674843.0
ONIONS,7136473.0,76026.0,713839.0,94600,Joburg Market,2026-07-10,57433396.8,858938.0,7388682.0
ONIONS,7136473.0,76026.0,713839.0,94600,Joburg Market,2026-07-11,57433396.8,858938.0,7388682.0
ONIONS,4357566.0,51953.0,457204.0,120568,Joburg Market,2026-07-13,66451567.8,960855.0,8282958.0
ONIONS,4357566.0,51953.0,457204.0,120568,Joburg Market,2026-07-14,66451567.8,960855.0,8282958.0
ONIONS,4809227.0,55410.0,490029.0,190073,Joburg Market,2026-07-15,78463323.8,1096814.0,9454160.0
ONIONS,4193815.0,52103.0,463878.0,222421,Joburg Market,2026-07-18,89426410.7,1230839.0,10628764.0
ONIONS,6146594.0,96946.0,874529.0,196246,Joburg Market,2026-07-20,98797185.7,1374147.0,11890652.0
ONIONS,6146594.0,96946.0,874529.0,196246,Joburg Market,2026-07-21,98797185.7,1374147.0,11890652.0
ONIONS,7474202.5,108098.0,983040.0,267623,Joburg Market,2026-07-23,119495192.0,1661308.0,14450586.0
ONIONS,5993757.0,74845.0,687345.0,291862,Joburg Market,2026-07-24,125488949.0,1736153.0,15137931.0
ONIONS,3825584.8,55879.0,499983.0,324680,Joburg Market,2026-07-25,129314534.0,1792032.0,15637914.0
ONIONS,6933814.0,107090.0,1005979.0,251822,Joburg Market,2026-07-27,136248348.0,1899122.0,16643893.0
ONIONS,9097122.5,127035.0,1078073.0,239057,Joburg Market,2026-07-28,145345470.0,2026157.0,17721966.0
ONIONS,9181390.0,127276.0,1161073.0,0,Joburg Market,2026-07-29,154526860.0,2153433.0,18883039.0
ONIONS,8193621.0,114145.0,1044985.0,257254,Joburg Market,2026-07-30,162720481.0,2267578.0,19928024.0
PEPPERS,17250.0,69.0,276.0,0,Joburg Market,2026-07-08,160696.0,730.0,2833.0
PEPPERS,40620.0,192.0,768.0,0,Joburg Market,2026-07-09,201316.0,922.0,3601.0
PEPPERS,40620.0,192.0,768.0,0,Joburg Market,2026-07-10,201316.0,922.0,3601.0
PEPPERS,1480.0,9.0,36.0,7,Joburg Market,2026-07-13,214726.0,986.0,3840.0
PEPPERS,1480.0,9.0,36.0,7,Joburg Market,2026-07-14,214726.0,986.0,3840.0
PEPPERS,8720.0,42.0,151.0,0,Joburg Market,2026-07-15,250086.0,1143.0,4451.0
PEPPERS,16900.0,73.0,292.0,94,Joburg Market,2026-07-18,266986.0,1216.0,4743.0
PEPPERS,0.0,0.0,0.0,38,Joburg Market,2026-07-20,291396.0,1328.0,5187.0
PEPPERS,0.0,0.0,0.0,38,Joburg Market,2026-07-21,291396.0,1328.0,5187.0
PEPPERS,20840.0,120.0,432.0,101,Joburg Market,2026-07-23,373972.0,1757.0,6826.0
PEPPERS,15690.0,106.0,354.0,105,Joburg Market,2026-07-24,389662.0,1863.0,7180.0
PEPPERS,65660.0,334.0,1336.0,125,Joburg Market,2026-07-25,455322.0,2197.0,8516.0
PEPPERS,1600.0,7.0,28.0,118,Joburg Market,2026-07-27,456802.0,2203.0,8540.0
PEPPERS,46020.0,250.0,940.0,31,Joburg Market,2026-07-28,502822.0,2453.0,9480.0
PEPPERS,6900.0,31.0,124.0,0,Joburg Market,2026-07-29,509722.0,2484.0,9604.0
PEPPERS,10360.0,67.0,222.0,0,Joburg Market,2026-07-30,520082.0,2551.0,9827.0
PIQUANT PEPPERS (PEPPADEW),0.0,0.0,0.0,20,Joburg Market,2026-07-08,0.0,0.0,0.0
PIQUANT PEPPERS (PEPPADEW),0.0,0.0,0.0,20,Joburg Market,2026-07-09,0.0,0.0,0.0
PIQUANT PEPPERS (PEPPADEW),0.0,0.0,0.0,20,Joburg Market,2026-07-10,0.0,0.0,0.0
PIQUANT PEPPERS (PEPPADEW),0.0,0.0,0.0,20,Joburg Market,2026-07-11,0.0,0.0,0.0
PIQUANT PEPPERS (PEPPADEW),0.0,0.0,0.0,20,Joburg Market,2026-07-13,0.0,0.0,0.0
POTATOES,10414473.0,154688.0,1504628.0,115715,Joburg Market,2026-07-09,69644174.7,1212935.0,11724282.0
POTATOES,8412124.0,127406.0,1216222.0,150097,Joburg Market,2026-07-10,78056298.7,1340341.0,12940504.0
POTATOES,8412124.0,127406.0,1216222.0,150097,Joburg Market,2026-07-11,78056298.7,1340341.0,12940504.0
POTATOES,5117832.33,85005.0,828972.0,99993,Joburg Market,2026-07-13,90592945.0,1547278.0,14945281.0
POTATOES,5117832.33,85005.0,828972.0,99993,Joburg Market,2026-07-14,90592945.0,1547278.0,14945281.0
POTATOES,8538888.0,148030.0,1405367.0,138582,Joburg Market,2026-07-15,107803867.0,1838607.0,17721177.0
POTATOES,8970029.0,151328.0,1457387.0,142240,Joburg Market,2026-07-18,126284304.0,2150116.0,20690958.0
POTATOES,4255976.0,76185.0,735132.0,85252,Joburg Market,2026-07-20,136938066.0,2340189.0,22529549.0
POTATOES,4255976.0,76185.0,735132.0,85252,Joburg Market,2026-07-21,136938066.0,2340189.0,22529549.0
POTATOES,10444307.0,178348.0,1728571.0,128246,Joburg Market,2026-07-23,165440606.0,2817835.0,27139305.0
POTATOES,8686366.0,144217.0,1397507.0,125187,Joburg Market,2026-07-24,174126972.0,2962052.0,28536812.0
POTATOES,8160036.0,136813.0,1330627.0,100191,Joburg Market,2026-07-25,182287008.0,3098865.0,29867439.0
POTATOES,5034469.0,82758.0,810674.0,25309,Joburg Market,2026-07-27,187321477.0,3181623.0,30678113.0
POTATOES,10760678.28,157337.0,1507353.0,74394,Joburg Market,2026-07-28,198082156.0,3338960.0,32185466.0
POTATOES,9831651.0,152299.0,1468121.0,0,Joburg Market,2026-07-29,207913807.0,3491259.0,33653587.0
POTATOES,11012232.0,170292.0,1651197.0,163278,Joburg Market,2026-07-30,218902199.0,3661143.0,35300704.0
PUMPKINS,18430.0,238.0,8974.0,2421,Joburg Market,2026-07-09,117820.0,1465.0,49026.0
PUMPKINS,10970.0,132.0,4446.0,2289,Joburg Market,2026-07-10,128790.0,1597.0,53472.0
PUMPKINS,10970.0,132.0,4446.0,2289,Joburg Market,2026-07-11,128790.0,1597.0,53472.0
PUMPKINS,12990.0,209.0,7862.0,2255,Joburg Market,2026-07-13,147020.0,1876.0,63644.0
PUMPKINS,12990.0,209.0,7862.0,2255,Joburg Market,2026-07-14,147020.0,1876.0,63644.0
PUMPKINS,2770.0,39.0,2080.0,2053,Joburg Market,2026-07-15,152370.0,1938.0,68466.0
PUMPKINS,21550.0,284.0,15818.0,1318,Joburg Market,2026-07-18,206170.0,2683.0,105782.0
PUMPKINS,3200.0,45.0,1530.0,1580,Joburg Market,2026-07-20,169890.0,2211.0,75174.0
PUMPKINS,3200.0,45.0,1530.0,1580,Joburg Market,2026-07-21,169890.0,2211.0,75174.0
PUMPKINS,19690.0,282.0,9588.0,1376,Joburg Market,2026-07-23,224260.0,2991.0,101694.0
PUMPKINS,6090.0,67.0,2278.0,2359,Joburg Market,2026-07-24,230350.0,3058.0,103972.0
PUMPKINS,13628.0,174.0,5916.0,2745,Joburg Market,2026-07-25,243978.0,3232.0,109888.0
PUMPKINS,27680.0,385.0,13090.0,2360,Joburg Market,2026-07-27,271658.0,3617.0,122978.0
PUMPKINS,67010.0,783.0,26622.0,1992,Joburg Market,2026-07-28,338668.0,4400.0,149600.0
PUMPKINS,42510.0,500.0,17000.0,0,Joburg Market,2026-07-29,381178.0,4900.0,166600.0
PUMPKINS,13405.0,163.0,5542.0,3099,Joburg Market,2026-07-30,394583.0,5063.0,172142.0
RAINBOW PEPPERS,153629.0,3162.0,17514.0,110,Joburg Market,2026-07-08,678307.0,10360.0,52266.0
RAINBOW PEPPERS,154816.0,1711.0,6796.0,594,Joburg Market,2026-07-09,833123.0,12071.0,59062.0
RAINBOW PEPPERS,147796.0,1177.0,3744.0,3216,Joburg Market,2026-07-10,936295.0,14978.0,73067.0
RAINBOW PEPPERS,147796.0,1177.0,3744.0,3216,Joburg Market,2026-07-11,936295.0,14978.0,73067.0
RAINBOW PEPPERS,119680.0,1494.0,7043.0,5052,Joburg Market,2026-07-13,1113227.0,16648.0,80193.0
RAINBOW PEPPERS,119680.0,1494.0,7043.0,5052,Joburg Market,2026-07-14,1113227.0,16648.0,80193.0
RAINBOW PEPPERS,114875.0,1672.0,8257.0,1431,Joburg Market,2026-07-15,1463556.0,21916.0,106245.0
RAINBOW PEPPERS,234708.0,2476.0,8798.0,1310,Joburg Market,2026-07-18,1889744.0,27443.0,129540.0
RAINBOW PEPPERS,119478.0,1556.0,7007.0,1219,Joburg Market,2026-07-20,2099940.0,29650.0,138348.0
RAINBOW PEPPERS,119478.0,1556.0,7007.0,1219,Joburg Market,2026-07-21,2099940.0,29650.0,138348.0
RAINBOW PEPPERS,210516.0,1826.0,7587.0,1324,Joburg Market,2026-07-23,2677606.0,35734.0,163903.0
RAINBOW PEPPERS,188198.0,2558.0,12130.0,390,Joburg Market,2026-07-24,2976460.0,42036.0,196999.0
RAINBOW PEPPERS,86830.0,3516.0,19880.0,1739,Joburg Market,2026-07-25,3168410.0,45910.0,218311.0
RAINBOW PEPPERS,180510.0,3676.0,18918.0,761,Joburg Market,2026-07-27,3300715.0,49014.0,234369.0
RAINBOW PEPPERS,297840.0,4399.0,20664.0,846,Joburg Market,2026-07-28,3497848.0,48825.0,228997.0
RAINBOW PEPPERS,345858.0,9107.0,48262.0,0,Joburg Market,2026-07-29,3843706.0,57932.0,277259.0
RAINBOW PEPPERS,213718.0,3835.0,17576.0,850,Joburg Market,2026-07-30,3804588.0,56199.0,263762.0
RED BEANS,0.0,0.0,0.0,20,Joburg Market,2026-07-09,340.0,5.0,20.0
RED BEANS,400.0,5.0,20.0,15,Joburg Market,2026-07-10,740.0,10.0,40.0
RED BEANS,400.0,5.0,20.0,15,Joburg Market,2026-07-11,740.0,10.0,40.0
RED BEANS,525.0,8.0,32.0,5,Joburg Market,2026-07-13,1405.0,20.0,80.0
RED BEANS,525.0,8.0,32.0,5,Joburg Market,2026-07-14,1405.0,20.0,80.0
RED BEANS,0.0,0.0,0.0,5,Joburg Market,2026-07-15,1405.0,20.0,80.0
RED BEANS,320.0,4.0,16.0,3,Joburg Market,2026-07-23,2165.0,30.0,120.0
RED BEANS,200.0,3.0,12.0,0,Joburg Market,2026-07-24,2365.0,33.0,132.0
RED LETTUCE,4700.0,40.0,110.0,26,Joburg Market,2026-07-09,18290.0,148.0,353.0
RED LETTUCE,2250.0,22.0,44.0,4,Joburg Market,2026-07-10,17330.0,151.0,302.0
RED LETTUCE,2250.0,22.0,44.0,4,Joburg Market,2026-07-11,17330.0,151.0,302.0
RED LETTUCE,40.0,2.0,4.0,0,Joburg Market,2026-07-13,17570.0,155.0,310.0
RED LETTUCE,40.0,2.0,4.0,0,Joburg Market,2026-07-14,17570.0,155.0,310.0
RED LETTUCE,2880.0,25.0,50.0,40,Joburg Market,2026-07-15,30030.0,247.0,572.0
RED LETTUCE,500.0,10.0,50.0,0,Joburg Market,2026-07-18,5460.0,36.0,180.0
RED LETTUCE,3520.0,29.0,58.0,112,Joburg Market,2026-07-23,37870.0,331.0,662.0
RED LETTUCE,440.0,4.0,8.0,108,Joburg Market,2026-07-24,38310.0,335.0,670.0
RED LETTUCE,600.0,6.0,12.0,102,Joburg Market,2026-07-25,38910.0,341.0,682.0
RED LETTUCE,0.0,0.0,0.0,102,Joburg Market,2026-07-27,38910.0,341.0,682.0
RED LETTUCE,5911.0,42.0,108.0,124,Joburg Market,2026-07-28,51781.0,425.0,1000.0
RED LETTUCE,4520.0,119.0,238.0,0,Joburg Market,2026-07-29,56301.0,544.0,1238.0
RED LETTUCE,5150.0,49.0,98.0,6,Joburg Market,2026-07-30,52491.0,543.0,1086.0
RED PEPPERS,704800.0,2926.0,14796.0,2264,Joburg Market,2026-07-08,4251735.0,19010.0,96347.0
RED PEPPERS,847790.0,3657.0,18399.0,2611,Joburg Market,2026-07-09,5109465.0,22727.0,115346.0
RED PEPPERS,553610.0,2516.0,12757.0,2117,Joburg Market,2026-07-10,5647595.0,25158.0,127260.0
RED PEPPERS,553610.0,2516.0,12757.0,2117,Joburg Market,2026-07-11,5647595.0,25158.0,127260.0
RED PEPPERS,329200.0,1317.0,6909.0,1111,Joburg Market,2026-07-13,6382535.0,28424.0,144613.0
RED PEPPERS,329200.0,1317.0,6909.0,1111,Joburg Market,2026-07-14,6382535.0,28424.0,144613.0
RED PEPPERS,552810.0,2760.0,14212.0,2367,Joburg Market,2026-07-15,7785545.0,35253.0,178885.0
RED PEPPERS,774400.0,4104.0,21038.0,3019,Joburg Market,2026-07-18,9208835.0,42476.0,215907.0
RED PEPPERS,397020.0,2253.0,11317.0,3049,Joburg Market,2026-07-20,9921635.0,46409.0,235621.0
RED PEPPERS,397020.0,2253.0,11317.0,3049,Joburg Market,2026-07-21,9921635.0,46409.0,235621.0
RED PEPPERS,777251.0,3829.0,19246.0,2317,Joburg Market,2026-07-23,12411551.0,59070.0,299551.0
RED PEPPERS,637740.0,3241.0,16400.0,3214,Joburg Market,2026-07-24,13049291.0,62311.0,315951.0
RED PEPPERS,518630.0,2646.0,13902.0,3321,Joburg Market,2026-07-25,13567921.0,64957.0,329853.0
RED PEPPERS,596840.0,3502.0,17582.0,1866,Joburg Market,2026-07-27,14163131.0,68432.0,347300.0
RED PEPPERS,1064550.0,6486.0,32513.0,4014,Joburg Market,2026-07-28,15235251.0,74971.0,380338.0
RED PEPPERS,500700.0,3544.0,17783.0,0,Joburg Market,2026-07-29,15735951.0,78515.0,398121.0
RED PEPPERS,940240.0,6813.0,34586.0,6108,Joburg Market,2026-07-30,16650331.0,85180.0,431227.0
SPINACH,107066.0,11457.0,46474.0,21493,Joburg Market,2026-07-09,817068.34,77159.0,312656.0
SPINACH,102107.9,11686.0,47748.0,17705,Joburg Market,2026-07-10,909286.24,88785.0,360223.0
SPINACH,102107.9,11686.0,47748.0,17705,Joburg Market,2026-07-11,909286.24,88785.0,360223.0
SPINACH,40485.0,4096.0,16932.0,10437,Joburg Market,2026-07-13,998117.24,100754.0,408166.0
SPINACH,40485.0,4096.0,16932.0,10437,Joburg Market,2026-07-14,998117.24,100754.0,408166.0
SPINACH,60333.0,5313.0,21692.0,8904,Joburg Market,2026-07-15,1209622.24,118666.0,481581.0
SPINACH,80559.0,7974.0,32031.0,7539,Joburg Market,2026-07-18,1382157.24,135925.0,550200.0
SPINACH,32148.0,3546.0,14013.0,4268,Joburg Market,2026-07-20,1431886.24,140358.0,568780.0
SPINACH,32148.0,3546.0,14013.0,4268,Joburg Market,2026-07-21,1431886.24,140358.0,568780.0
SPINACH,141120.0,9995.0,40981.0,3797,Joburg Market,2026-07-23,1717413.24,158958.0,644920.0
SPINACH,139209.09,8684.0,35331.0,3254,Joburg Market,2026-07-24,1837895.33,167680.0,680063.0
SPINACH,73299.0,6806.0,27186.0,2113,Joburg Market,2026-07-25,1904248.33,174289.0,706264.0
SPINACH,75547.0,7188.0,28751.0,1552,Joburg Market,2026-07-27,1979795.33,181477.0,735016.0
SPINACH,129927.78,8383.0,33913.0,9102,Joburg Market,2026-07-28,2133627.11,190017.0,769389.0
SPINACH,96625.58000000007,10350.0,41470.0,0,Joburg Market,2026-07-29,2230252.69,200367.0,810859.0
SPINACH,153578.06,11854.0,48319.0,9905,Joburg Market,2026-07-30,2380638.75,212441.0,861995.0
SPRING ONIONS,27270.0,436.0,1112.0,819,Joburg Market,2026-07-09,217941.0,4047.0,8660.0
SPRING ONIONS,17991.0,486.0,829.0,594,Joburg Market,2026-07-10,235932.0,4533.0,9490.0
SPRING ONIONS,17991.0,486.0,829.0,594,Joburg Market,2026-07-11,235932.0,4533.0,9490.0
SPRING ONIONS,11369.0,321.0,498.0,472,Joburg Market,2026-07-13,255832.0,5144.0,10445.0
SPRING ONIONS,11369.0,321.0,498.0,472,Joburg Market,2026-07-14,255832.0,5144.0,10445.0
SPRING ONIONS,15845.0,267.0,658.0,257,Joburg Market,2026-07-15,307715.0,6028.0,12481.0
SPRING ONIONS,16110.57,381.0,786.0,435,Joburg Market,2026-07-18,356646.11,6913.0,14510.0
SPRING ONIONS,7927.5,331.0,404.0,320,Joburg Market,2026-07-20,292576.61,6905.0,13680.0
SPRING ONIONS,7927.5,331.0,404.0,320,Joburg Market,2026-07-21,292576.61,6905.0,13680.0
SPRING ONIONS,46339.0,1552.0,1974.0,1236,Joburg Market,2026-07-23,473911.61,10107.0,19409.0
SPRING ONIONS,20652.87,788.0,987.0,637,Joburg Market,2026-07-24,494564.48,10895.0,20396.0
SPRING ONIONS,12839.0,287.0,488.0,380,Joburg Market,2026-07-25,507403.48,11182.0,20884.0
SPRING ONIONS,11405.0,248.0,574.0,543,Joburg Market,2026-07-27,518808.48,11430.0,21458.0
SPRING ONIONS,38915.0,494.0,1537.0,455,Joburg Market,2026-07-28,557783.48,11925.0,22997.0
SPRING ONIONS,24720.0,353.0,893.0,0,Joburg Market,2026-07-29,582503.48,12278.0,23890.0
SPRING ONIONS,35494.66,930.0,1322.0,605,Joburg Market,2026-07-30,616338.14,13176.0,25132.0
SWEET POTATO,387055.0,11976.0,75312.0,19415,Joburg Market,2026-07-09,1932551.8,63045.0,427076.0
SWEET POTATO,205240.0,5802.0,52618.0,24870,Joburg Market,2026-07-10,2126471.8,68559.0,477678.0
SWEET POTATO,205240.0,5802.0,52618.0,24870,Joburg Market,2026-07-11,2126471.8,68559.0,477678.0
SWEET POTATO,129421.0,3960.0,36604.0,25453,Joburg Market,2026-07-13,2357286.8,76131.0,536525.0
SWEET POTATO,129421.0,3960.0,36604.0,25453,Joburg Market,2026-07-14,2357286.8,76131.0,536525.0
SWEET POTATO,196478.0,10686.0,47396.0,18551,Joburg Market,2026-07-15,2981637.8,106936.0,689653.0
SWEET POTATO,194400.0,8676.0,60990.0,16017,Joburg Market,2026-07-18,3385831.8,124228.0,807035.0
SWEET POTATO,101311.0,4446.0,28779.0,12214,Joburg Market,2026-07-20,3630792.8,134763.0,885773.0
SWEET POTATO,101311.0,4446.0,28779.0,12214,Joburg Market,2026-07-21,3630792.8,134763.0,885773.0
SWEET POTATO,183581.0,8038.0,38192.0,11999,Joburg Market,2026-07-23,4263538.8,161000.0,1042748.0
SWEET POTATO,320830.0,15613.0,73814.0,13672,Joburg Market,2026-07-24,4547603.8,176287.0,1113302.0
SWEET POTATO,75719.0,2659.0,24789.0,14948,Joburg Market,2026-07-25,4623322.8,178946.0,1138091.0
SWEET POTATO,117190.0,4551.0,36716.0,16396,Joburg Market,2026-07-27,4740512.8,183497.0,1174807.0
SWEET POTATO,348392.0,13080.0,106906.0,9374,Joburg Market,2026-07-28,5088904.8,196577.0,1281713.0
SWEET POTATO,123487.0,3378.0,38651.0,0,Joburg Market,2026-07-29,5212391.8,199955.0,1320364.0
SWEET POTATO,324928.0,8609.0,71430.0,13596,Joburg Market,2026-07-30,5537319.8,208564.0,1391794.0
TOMATOES,4527993.0,94001.0,243357.0,52573,Joburg Market,2026-07-08,34068059.0,790755.0,2072963.0
TOMATOES,4700553.0,84311.0,254935.0,99028,Joburg Market,2026-07-09,38664273.0,871839.0,2326803.0
TOMATOES,4222717.0,92161.0,264441.0,114133,Joburg Market,2026-07-10,42931962.0,965802.0,2600156.0
TOMATOES,4222717.0,92161.0,264441.0,114133,Joburg Market,2026-07-11,42931962.0,965802.0,2600156.0
TOMATOES,3365956.0,97903.0,234034.0,159564,Joburg Market,2026-07-13,50283835.0,1151964.0,3090015.0
TOMATOES,3365956.0,97903.0,234034.0,159564,Joburg Market,2026-07-14,50283835.0,1151964.0,3090015.0
TOMATOES,4139472.0,170026.0,347174.0,103585,Joburg Market,2026-07-15,59312357.0,1460779.0,3780491.0
TOMATOES,3334868.2,98747.0,308003.0,114900,Joburg Market,2026-07-18,67002763.2,1701374.0,4449113.0
TOMATOES,3297727.0,123660.0,305595.0,64004,Joburg Market,2026-07-20,73768105.2,1977696.0,5069361.0
TOMATOES,3297727.0,123660.0,305595.0,64004,Joburg Market,2026-07-21,73768105.2,1977696.0,5069361.0
TOMATOES,4801396.5,172731.0,461665.0,46359,Joburg Market,2026-07-23,85976916.7,2460618.0,6197470.0
TOMATOES,3919533.0,126480.0,362283.0,40003,Joburg Market,2026-07-24,89864266.7,2586292.0,6555108.0
TOMATOES,3661710.0,116624.0,337469.0,39394,Joburg Market,2026-07-25,93164510.7,2690215.0,6862154.0
TOMATOES,3060034.0,121800.0,295583.0,59346,Joburg Market,2026-07-27,96151339.7,2809875.0,7146985.0
TOMATOES,4650881.89,160555.0,426858.0,67792,Joburg Market,2026-07-28,101848885.0,2983870.0,7675765.0
TOMATOES,4248256.0,152344.0,420450.0,0,Joburg Market,2026-07-29,106097141.0,3136214.0,8096215.0
TOMATOES,4498814.0,201595.0,470923.0,78524,Joburg Market,2026-07-30,110671403.0,3344606.0,8573482.0
TOMATOES DRIED,900.0,3.0,3.0,11,Joburg Market,2026-07-08,1600.0,5.0,5.0
TOMATOES DRIED,3000.0,10.0,10.0,1,Joburg Market,2026-07-09,4600.0,15.0,15.0
TOMATOES DRIED,0.0,0.0,0.0,1,Joburg Market,2026-07-10,4600.0,15.0,15.0
TOMATOES DRIED,0.0,0.0,0.0,1,Joburg Market,2026-07-11,4600.0,15.0,15.0
TOMATOES DRIED,0.0,0.0,0.0,1,Joburg Market,2026-07-13,4600.0,15.0,15.0
TOMATOES DRIED,0.0,0.0,0.0,30,Joburg Market,2026-07-15,4600.0,15.0,15.0
TOMATOES DRIED,0.0,0.0,0.0,30,Joburg Market,2026-07-18,4600.0,15.0,15.0
TOMATOES DRIED,0.0,0.0,0.0,30,Joburg Market,2026-07-20,4600.0,15.0,15.0
TOMATOES DRIED,0.0,0.0,0.0,30,Joburg Market,2026-07-21,4600.0,15.0,15.0
TOMATOES DRIED,250.0,1.0,1.0,28,Joburg Market,2026-07-23,5100.0,17.0,17.0
TOMATOES DRIED,1180.0,4.0,4.0,24,Joburg Market,2026-07-24,6280.0,21.0,21.0
TOMATOES DRIED,0.0,0.0,0.0,24,Joburg Market,2026-07-25,6280.0,21.0,21.0
TOMATOES DRIED,600.0,2.0,2.0,22,Joburg Market,2026-07-27,6880.0,23.0,23.0
TOMATOES DRIED,0.0,0.0,0.0,22,Joburg Market,2026-07-28,6880.0,23.0,23.0
TOMATOES DRIED,300.0,1.0,1.0,0,Joburg Market,2026-07-29,7180.0,24.0,24.0
TOMATOES DRIED,1100.0,11.0,11.0,10,Joburg Market,2026-07-30,8280.0,35.0,35.0
YELLOW PEPPERS,706240.0,2328.0,11640.0,513,Joburg Market,2026-07-08,3933870.0,13852.0,69260.0
YELLOW PEPPERS,597080.0,2074.0,10378.0,2210,Joburg Market,2026-07-09,4659130.0,16558.0,82532.0
YELLOW PEPPERS,452070.0,1745.0,8935.0,1048,Joburg Market,2026-07-10,4995010.0,17689.0,88973.0
YELLOW PEPPERS,452070.0,1745.0,8935.0,1048,Joburg Market,2026-07-11,4995010.0,17689.0,88973.0
YELLOW PEPPERS,356190.0,1231.0,6260.0,979,Joburg Market,2026-07-13,5594350.0,19729.0,98930.0
YELLOW PEPPERS,356190.0,1231.0,6260.0,979,Joburg Market,2026-07-14,5594350.0,19729.0,98930.0
YELLOW PEPPERS,428140.0,1716.0,8632.0,1389,Joburg Market,2026-07-15,7192310.0,25973.0,130055.0
YELLOW PEPPERS,786390.0,3338.0,16739.0,2870,Joburg Market,2026-07-18,8535370.0,31573.0,158204.0
YELLOW PEPPERS,392740.0,2399.0,11984.0,4318,Joburg Market,2026-07-20,9266080.0,35698.0,178845.0
YELLOW PEPPERS,392740.0,2399.0,11984.0,4318,Joburg Market,2026-07-21,9266080.0,35698.0,178845.0
YELLOW PEPPERS,681500.0,3511.0,17744.0,4536,Joburg Market,2026-07-23,11393045.0,46236.0,231798.0
YELLOW PEPPERS,765740.0,4108.0,20893.0,4032,Joburg Market,2026-07-24,12158785.0,50344.0,252691.0
YELLOW PEPPERS,213258.1,1446.0,7489.0,5745,Joburg Market,2026-07-25,12372043.1,51790.0,260180.0
YELLOW PEPPERS,415410.0,2689.0,13313.0,4196,Joburg Market,2026-07-27,12787453.1,54479.0,273493.0
YELLOW PEPPERS,760580.0,5530.0,27352.0,7187,Joburg Market,2026-07-28,13548283.1,60011.0,300855.0
YELLOW PEPPERS,339418.0,2685.0,13576.0,0,Joburg Market,2026-07-29,13887701.1,62696.0,314431.0
YELLOW PEPPERS,615020.0,5253.0,26394.0,8899,Joburg Market,2026-07-30,14502721.1,67949.0,340825.0
BABY BUTTERNUT,4500.0,16.0,70.0,1,Joburg Market,2026-07-31,115651.0,527.0,2369.0
BABY CABBAGE,4468.0,36.0,165.0,145,Joburg Market,2026-07-31,216920.0,1793.0,7359.0
BABY CARROTS,15342.0,227.0,444.0,214,Joburg Market,2026-07-31,339349.0,2387.0,8766.0
BEAN SPROUTS,1200.0,12.0,29.0,25,Joburg Market,2026-07-31,47438.0,480.0,1149.0
BEANS,277043.0,2911.0,11811.0,3750,Joburg Market,2026-07-31,7064174.36,68767.0,278106.0
BEANS INDIAN,0.0,0.0,0.0,25,Joburg Market,2026-07-31,18230.0,404.0,1616.0
BEETROOT,619429.0,8015.0,70651.0,23687,Joburg Market,2026-07-31,14763618.3,198013.0,1610991.0
BROCCOLI,290800.0,1682.0,6168.0,258,Joburg Market,2026-07-31,5321973.93,45338.0,170356.0
BROCCOLI FLORETTES,11250.0,25.0,105.0,29,Joburg Market,2026-07-31,252406.0,544.0,2911.0
BROCCOLI LEAVES,1330.0,22.0,176.0,10,Joburg Market,2026-07-31,28845.0,496.0,3968.0
BUTTER LETTUCE,820.0,9.0,18.0,9,Joburg Market,2026-07-31,14460.0,200.0,400.0
BUTTERNUT,684340.0,16034.0,128513.0,36059,Joburg Market,2026-07-31,15464176.4,384822.0,3031909.0
CABBAGE,906359.0,29689.0,324266.0,16216,Joburg Market,2026-07-31,16146323.0,561273.0,6100978.0
CABBAGE RED,58600.0,501.0,1125.0,392,Joburg Market,2026-07-31,1421477.0,14077.0,32048.0
CARROTS,1098055.0,25205.0,204647.0,37902,Joburg Market,2026-07-31,27879833.0,611118.0,4894837.0
CHILLIES,295344.0,6724.0,22264.0,13641,Joburg Market,2026-07-31,7181015.49,131672.0,442559.0
COCKTAIL TOMATOES,41880.0,220.0,1056.0,0,Joburg Market,2026-07-31,368104.0,2521.0,12144.0
CORN/BEANS/SNAP PEAS,0.0,0.0,0.0,50,Joburg Market,2026-07-31,15522.0,64.0,13.0
CRUSHED GINGER/GARLIC,10314.0,36.0,196.0,67,Joburg Market,2026-07-31,93792.0,350.0,1661.0
CUCUMBER,45190.0,206.0,1030.0,2,Joburg Market,2026-07-31,67200.0,455.0,2425.0
DRIED BEANS,880.0,4.0,40.0,18,Joburg Market,2026-07-31,5690.0,23.0,230.0
ENGLISH CUCUMBER,1004740.0,5707.0,43988.0,1660,Joburg Market,2026-07-31,14566468.0,116633.0,892576.0
GARLIC,171555.0,256.0,2560.0,1000,Joburg Market,2026-07-31,4144908.0,9007.0,76461.0
GARLIC PROCESSED,15000.8,80.0,366.0,377,Joburg Market,2026-07-31,324842.0,1498.0,7415.0
GINGER PROCESSED,350.0,1.0,5.0,22,Joburg Market,2026-07-31,31193.0,73.0,421.0
GINGER ROOT,133198.0,596.0,3163.0,5240,Joburg Market,2026-07-31,4316137.0,17038.0,102413.0
GREEN PEPPERS,844654.0,14831.0,72663.0,14220,Joburg Market,2026-07-31,20939969.1,413481.0,2042533.0
LETTUCE,407420.0,5625.0,15301.0,2569,Joburg Market,2026-07-31,12964468.5,153659.0,506212.0
ONIONS,3762898.0,55756.0,478072.0,301261,Joburg Market,2026-07-31,166483379.0,2323334.0,20406096.0
PEPPERS,18900.0,93.0,372.0,3,Joburg Market,2026-07-31,538982.0,2644.0,10199.0
POTATOES,9664804.03,156926.0,1508432.0,182224,Joburg Market,2026-07-31,228567003.0,3818069.0,36809136.0
PUMPKINS,84280.0,1064.0,36176.0,2035,Joburg Market,2026-07-31,478863.0,6127.0,208318.0
RAINBOW PEPPERS,187520.0,2064.0,8360.0,3632,Joburg Market,2026-07-31,3992108.0,58263.0,272122.0
RED LETTUCE,120.0,1.0,2.0,5,Joburg Market,2026-07-31,52611.0,544.0,1088.0
RED PEPPERS,488400.0,4098.0,20390.0,5395,Joburg Market,2026-07-31,17164591.0,89426.0,453097.0
SPINACH,107330.0,7955.0,32596.0,12598,Joburg Market,2026-07-31,2491672.75,220441.0,894711.0
SPRING ONIONS,19046.0,530.0,761.0,309,Joburg Market,2026-07-31,635384.14,13706.0,25894.0
SWEET POTATO,284164.0,9224.0,89027.0,15421,Joburg Market,2026-07-31,5821483.8,217788.0,1480821.0
TOMATOES,3887902.0,176157.0,458832.0,97090,Joburg Market,2026-07-31,114633563.0,3521646.0,9036022.0
TOMATOES DRIED,0.0,0.0,0.0,10,Joburg Market,2026-07-31,8280.0,35.0,35.0
YELLOW PEPPERS,381330.0,3625.0,18039.0,9530,Joburg Market,2026-07-31,14798573.1,71191.0,355800.0
BABY BUTTERNUT,14100.0,50.0,223.0,1,Joburg Market,2026-08-01,14100.0,50.0,223.0
BABY CABBAGE,1601.0,20.0,71.0,138,Joburg Market,2026-08-01,1601.0,20.0,71.0
BABY CARROTS,3610.0,42.0,132.0,222,Joburg Market,2026-08-01,3610.0,42.0,132.0
BEAN SPROUTS,368.0,4.0,10.0,21,Joburg Market,2026-08-01,368.0,4.0,10.0
BEANS,187945.0,2559.0,10229.0,4444,Joburg Market,2026-08-01,187945.0,2559.0,10229.0
BEANS INDIAN,0.0,0.0,0.0,25,Joburg Market,2026-08-01,0.0,0.0,0.0
BEETROOT,317385.0,4199.0,35615.0,22048,Joburg Market,2026-08-01,317385.0,4199.0,35615.0
BROCCOLI,136647.0,781.0,2705.0,387,Joburg Market,2026-08-01,136647.0,781.0,2705.0
BROCCOLI FLORETTES,13020.0,29.0,170.0,0,Joburg Market,2026-08-01,13020.0,29.0,170.0
BROCCOLI LEAVES,0.0,0.0,0.0,10,Joburg Market,2026-08-01,0.0,0.0,0.0
BUTTER LETTUCE,596.0,6.0,12.0,3,Joburg Market,2026-08-01,596.0,6.0,12.0
BUTTERNUT,218940.0,4719.0,34995.0,40271,Joburg Market,2026-08-01,218940.0,4719.0,34995.0
CABBAGE,476189.0,12387.0,174265.0,17007,Joburg Market,2026-08-01,476189.0,12387.0,174265.0
CABBAGE RED,44922.0,477.0,1070.0,1163,Joburg Market,2026-08-01,44922.0,477.0,1070.0
CARROTS,581856.0,13613.0,105425.0,34632,Joburg Market,2026-08-01,581856.0,13613.0,105425.0
CHILLIES,149962.01,3133.0,10647.0,18507,Joburg Market,2026-08-01,149962.01,3133.0,10647.0
COCKTAIL TOMATOES,3024.0,14.0,45.0,0,Joburg Market,2026-08-01,3024.0,14.0,45.0
CORN/BEANS/SNAP PEAS,0.0,0.0,0.0,50,Joburg Market,2026-08-01,0.0,0.0,0.0
CRUSHED GINGER/GARLIC,0.0,0.0,0.0,67,Joburg Market,2026-08-01,0.0,0.0,0.0
CUCUMBER,0.0,0.0,0.0,2,Joburg Market,2026-08-01,0.0,0.0,0.0
DRIED BEANS,220.0,1.0,10.0,17,Joburg Market,2026-08-01,220.0,1.0,10.0
ENGLISH CUCUMBER,457373.0,2699.0,20329.0,1624,Joburg Market,2026-08-01,457373.0,2699.0,20329.0
GARLIC,91350.0,136.0,1360.0,864,Joburg Market,2026-08-01,91350.0,136.0,1360.0
GARLIC PROCESSED,12608.0,52.0,292.0,325,Joburg Market,2026-08-01,12608.0,52.0,292.0
GINGER PROCESSED,0.0,0.0,0.0,22,Joburg Market,2026-08-01,0.0,0.0,0.0
GINGER ROOT,54910.0,233.0,1245.0,4819,Joburg Market,2026-08-01,54910.0,233.0,1245.0
GREEN PEPPERS,527416.63,10950.0,54549.0,22414,Joburg Market,2026-08-01,527416.63,10950.0,54549.0
LETTUCE,335615.0,4705.0,13696.0,2221,Joburg Market,2026-08-01,335615.0,4705.0,13696.0
ONIONS,2648548.0,42233.0,397685.0,312238,Joburg Market,2026-08-01,2648548.0,42233.0,397685.0
PEPPERS,22240.0,117.0,468.0,2,Joburg Market,2026-08-01,22240.0,117.0,468.0
POTATOES,6904129.0,116276.0,1143011.0,179099,Joburg Market,2026-08-01,6904129.0,116276.0,1143011.0
PUMPKINS,5810.0,64.0,2176.0,1971,Joburg Market,2026-08-01,5810.0,64.0,2176.0
RAINBOW PEPPERS,95702.0,3649.0,19758.0,2232,Joburg Market,2026-08-01,95702.0,3649.0,19758.0
RED BEANS,840.0,40.0,80.0,0,Joburg Market,2026-08-01,840.0,40.0,80.0
RED LETTUCE,0.0,0.0,0.0,5,Joburg Market,2026-08-01,0.0,0.0,0.0
RED PEPPERS,275175.0,2512.0,12650.0,5714,Joburg Market,2026-08-01,275175.0,2512.0,12650.0
SPINACH,70806.0,8042.0,32234.0,8963,Joburg Market,2026-08-01,70806.0,8042.0,32234.0
SPRING ONIONS,5477.0,135.0,286.0,207,Joburg Market,2026-08-01,5477.0,135.0,286.0
SWEET POTATO,110353.0,2997.0,30323.0,12729,Joburg Market,2026-08-01,110353.0,2997.0,30323.0
TOMATOES,2932562.56,123928.0,335315.0,143531,Joburg Market,2026-08-01,2932562.56,123928.0,335315.0
TOMATOES DRIED,0.0,0.0,0.0,10,Joburg Market,2026-08-01,0.0,0.0,0.0
YELLOW PEPPERS,210054.0,2024.0,10230.0,9168,Joburg Market,2026-08-01,210054.0,2024.0,10230.0
BABY BUTTERNUT,12510.0,43.0,190.0,7,Joburg Market,2026-08-04,26660.0,94.0,417.0
BABY CABBAGE,14694.0,84.0,430.0,88,Joburg Market,2026-08-04,17507.0,116.0,557.0
BABY CARROTS,25576.0,125.0,432.0,194,Joburg Market,2026-08-04,33076.0,208.0,727.0
BEAN SPROUTS,4752.0,47.0,112.0,51,Joburg Market,2026-08-04,6016.0,60.0,143.0
BEANS,287387.0,4593.0,18593.0,3679,Joburg Market,2026-08-04,602402.0,9634.0,38062.0
BEANS INDIAN,760.0,14.0,56.0,0,Joburg Market,2026-08-04,1010.0,39.0,156.0
BEETROOT,643990.0,8588.0,72465.0,18843,Joburg Market,2026-08-04,1365915.0,17937.0,156690.0
BROCCOLI,365372.0,2005.0,6348.0,515,Joburg Market,2026-08-04,611751.0,3282.0,10859.0
BROCCOLI FLORETTES,51420.0,117.0,702.0,125,Joburg Market,2026-08-04,68200.0,164.0,935.0
BROCCOLI LEAVES,2100.0,30.0,240.0,0,Joburg Market,2026-08-04,2100.0,30.0,240.0
BUTTER LETTUCE,9404.0,52.0,194.0,30,Joburg Market,2026-08-04,10000.0,58.0,206.0
BUTTERNUT,802991.0,15428.0,128644.0,50514,Joburg Market,2026-08-04,1604337.0,33095.0,256775.0
CABBAGE,834568.0,26608.0,274999.0,10386,Joburg Market,2026-08-04,1876050.0,57042.0,650460.0
CABBAGE RED,64724.0,620.0,1451.0,1336,Joburg Market,2026-08-04,147185.0,1470.0,3350.0
CARROTS,1143543.0,30648.0,231903.0,31769,Joburg Market,2026-08-04,2453876.84,63076.0,483277.0
CHILLIES,368204.96,7963.0,25740.0,18393,Joburg Market,2026-08-04,662835.97,14399.0,48243.0
COCKTAIL TOMATOES,39732.0,220.0,1056.0,0,Joburg Market,2026-08-04,39732.0,220.0,1056.0
CORN/BEANS/SNAP PEAS,0.0,0.0,0.0,50,Joburg Market,2026-08-04,0.0,0.0,0.0
CRUSHED GINGER/GARLIC,1054.8,4.0,19.0,132,Joburg Market,2026-08-04,1360.8,5.0,24.0
CUCUMBER,22550.0,118.0,590.0,35,Joburg Market,2026-08-04,22550.0,118.0,590.0
DRIED BEANS,0.0,0.0,0.0,14,Joburg Market,2026-08-04,820.0,4.0,40.0
ENGLISH CUCUMBER,1534974.0,8065.0,62438.0,2377,Joburg Market,2026-08-04,2206382.0,11925.0,91602.0
GARLIC,232605.0,329.0,3300.0,421,Joburg Market,2026-08-04,502380.0,749.0,7462.0
GARLIC PROCESSED,41822.4,166.0,864.0,376,Joburg Market,2026-08-04,59800.8,241.0,1279.0
GINGER PROCESSED,0.0,0.0,0.0,21,Joburg Market,2026-08-04,350.0,1.0,5.0
GINGER ROOT,176940.0,879.0,4680.0,5356,Joburg Market,2026-08-04,279410.0,1374.0,7785.0
GREEN PEPPERS,914364.0,16417.0,80617.0,5157,Joburg Market,2026-08-04,2089087.63,41179.0,203817.0
LETTUCE,581538.0,6602.0,20823.0,4460,Joburg Market,2026-08-04,1141984.0,14412.0,43770.0
ONIONS,9278250.0,140199.0,1228747.0,168805,Joburg Market,2026-08-04,18531765.0,278639.0,2545934.0
PEPPERS,4670.0,21.0,84.0,0,Joburg Market,2026-08-04,30750.0,178.0,664.0
POTATOES,10999145.0,171937.0,1661306.0,75784,Joburg Market,2026-08-04,24773315.0,405465.0,3930410.0
PUMPKINS,48610.0,606.0,20604.0,1823,Joburg Market,2026-08-04,94650.0,1305.0,44370.0
RAINBOW PEPPERS,296072.0,7629.0,41014.0,1325,Joburg Market,2026-08-04,502920.0,12077.0,62523.0
RED LETTUCE,8180.0,72.0,159.0,76,Joburg Market,2026-08-04,8760.0,78.0,171.0
RED PEPPERS,617403.0,5633.0,28300.0,6177,Joburg Market,2026-08-04,1130843.0,10552.0,53190.0
SPINACH,126508.0,7591.0,31353.0,3433,Joburg Market,2026-08-04,255432.0,20025.0,81846.0
SPRING ONIONS,45778.0,847.0,1761.0,380,Joburg Market,2026-08-04,64109.0,1372.0,2688.0
SWEET POTATO,259545.0,9160.0,65801.0,9707,Joburg Market,2026-08-04,425609.0,14304.0,121569.0
TOMATOES,4406081.0,216432.0,612465.0,65891,Joburg Market,2026-08-04,9778471.56,450810.0,1313315.0
TOMATOES DRIED,1200.0,4.0,4.0,18,Joburg Market,2026-08-04,1200.0,4.0,4.0
YELLOW PEPPERS,469660.0,5216.0,26107.0,9525,Joburg Market,2026-08-04,833669.0,9268.0,46033.0
