commodity,total value sold,total qty sold,total kg sold,qty available,market,date_scraped,total value sold mtd,total qty sold mtd,total kg sold mtd
CHILLIES,287782.96,5091.0,17296.0,8343,Joburg Market,2026-07-08,2012795.6,35418.0,119071.0
COCKTAIL TOMATOES,35022.0,240.0,1117.0,14,Joburg Market,2026-07-08,171801.0,1317.0,6654.0
GREEN PEPPERS,952182.0,15821.0,77613.0,11928,Joburg Market,2026-07-08,5939653.0,113367.0,559269.0
PEPPERS,17250.0,69.0,276.0,0,Joburg Market,2026-07-08,160696.0,730.0,2833.0
PIQUANT PEPPERS (PEPPADEW),0.0,0.0,0.0,20,Joburg Market,2026-07-08,0.0,0.0,0.0
RAINBOW PEPPERS,153629.0,3162.0,17514.0,110,Joburg Market,2026-07-08,678307.0,10360.0,52266.0
RED PEPPERS,704800.0,2926.0,14796.0,2264,Joburg Market,2026-07-08,4251735.0,19010.0,96347.0
TOMATOES,4527993.0,94001.0,243357.0,52573,Joburg Market,2026-07-08,34068059.0,790755.0,2072963.0
TOMATOES DRIED,900.0,3.0,3.0,11,Joburg Market,2026-07-08,1600.0,5.0,5.0
YELLOW PEPPERS,706240.0,2328.0,11640.0,513,Joburg Market,2026-07-08,3933870.0,13852.0,69260.0
CHILLIES,370632.0,5722.0,20273.0,11334,Joburg Market,2026-07-09,2264223.6,40082.0,137228.0
COCKTAIL TOMATOES,28428.0,206.0,979.0,140,Joburg Market,2026-07-09,193264.0,1379.0,6487.0
GREEN PEPPERS,854295.0,14242.0,70372.0,19550,Joburg Market,2026-07-09,6843938.0,128355.0,637101.0
PEPPERS,40620.0,192.0,768.0,0,Joburg Market,2026-07-09,201316.0,922.0,3601.0
PIQUANT PEPPERS (PEPPADEW),0.0,0.0,0.0,20,Joburg Market,2026-07-09,0.0,0.0,0.0
RAINBOW PEPPERS,154816.0,1711.0,6796.0,594,Joburg Market,2026-07-09,833123.0,12071.0,59062.0
RED PEPPERS,847790.0,3657.0,18399.0,2611,Joburg Market,2026-07-09,5109465.0,22727.0,115346.0
TOMATOES,4700553.0,84311.0,254935.0,99028,Joburg Market,2026-07-09,38664273.0,871839.0,2326803.0
TOMATOES DRIED,3000.0,10.0,10.0,1,Joburg Market,2026-07-09,4600.0,15.0,15.0
YELLOW PEPPERS,597080.0,2074.0,10378.0,2210,Joburg Market,2026-07-09,4659130.0,16558.0,82532.0
CRUSHED GINGER/GARLIC,1994.4,8.0,32.0,72,Joburg Market,2026-07-09,33415.2,125.0,584.0
GARLIC,154460.0,296.0,2709.0,2769,Joburg Market,2026-07-09,1356831.0,3681.0,28642.0
GARLIC PROCESSED,12131.4,57.0,277.0,333,Joburg Market,2026-07-09,134148.4,597.0,2938.0
ONIONS,7546053.0,89969.0,758281.0,56705,Joburg Market,2026-07-09,50296923.8,782912.0,6674843.0
POTATOES,10414473.0,154688.0,1504628.0,115715,Joburg Market,2026-07-09,69644174.7,1212935.0,11724282.0
SPINACH,107066.0,11457.0,46474.0,21493,Joburg Market,2026-07-09,817068.34,77159.0,312656.0
SPRING ONIONS,27270.0,436.0,1112.0,819,Joburg Market,2026-07-09,217941.0,4047.0,8660.0
SWEET POTATO,387055.0,11976.0,75312.0,19415,Joburg Market,2026-07-09,1932551.8,63045.0,427076.0
BABY CABBAGE,10414.0,112.0,375.0,253,Joburg Market,2026-07-09,73438.0,512.0,2153.0
BABY CARROTS,20984.0,105.0,485.0,67,Joburg Market,2026-07-09,137178.0,784.0,2968.0
BEAN SPROUTS,1170.0,12.0,29.0,30,Joburg Market,2026-07-09,15194.0,151.0,359.0
BEANS,250175.0,2457.0,10096.0,2453,Joburg Market,2026-07-09,2337221.0,20103.0,81088.0
BEANS INDIAN,2040.0,31.0,114.0,134,Joburg Market,2026-07-09,6740.0,113.0,427.0
BEETROOT,574145.0,6378.0,54291.0,14227,Joburg Market,2026-07-09,4319874.0,54413.0,452163.0
BROCCOLI,137986.0,1850.0,7120.0,3402,Joburg Market,2026-07-09,1327768.0,18177.0,72409.0
BROCCOLI FLORETTES,0.0,0.0,0.0,13,Joburg Market,2026-07-09,66526.0,178.0,989.0
BROCCOLI LEAVES,1458.0,32.0,200.0,30,Joburg Market,2026-07-09,7863.0,429.0,1178.0
BUTTER LETTUCE,16.0,1.0,2.0,70,Joburg Market,2026-07-09,922.0,15.0,30.0
CABBAGE,591543.0,18616.0,239882.0,27145,Joburg Market,2026-07-09,4722739.0,158871.0,1777051.0
CABBAGE RED,67432.0,624.0,1724.0,514,Joburg Market,2026-07-09,479574.0,4099.0,9312.0
CARROTS,1122390.0,22231.0,172627.0,42834,Joburg Market,2026-07-09,9462861.54,188224.0,1485397.0
CORN/BEANS/SNAP PEAS,3072.0,14.0,3.0,0,Joburg Market,2026-07-09,3072.0,14.0,3.0
DRIED BEANS,2760.0,11.0,110.0,27,Joburg Market,2026-07-09,3540.0,14.0,140.0
ENGLISH CUCUMBER,449765.0,3691.0,28244.0,3286,Joburg Market,2026-07-09,4015553.0,35770.0,272837.0
GINGER PROCESSED,700.0,2.0,10.0,15,Joburg Market,2026-07-09,14849.0,35.0,202.0
GINGER ROOT,240370.0,891.0,4935.0,4525,Joburg Market,2026-07-09,1591168.0,6042.0,34648.0
LETTUCE,564609.0,5343.0,17987.0,6024,Joburg Market,2026-07-09,4996868.45,42150.0,142162.0
PUMPKINS,18430.0,238.0,8974.0,2421,Joburg Market,2026-07-09,117820.0,1465.0,49026.0
RED BEANS,0.0,0.0,0.0,20,Joburg Market,2026-07-09,340.0,5.0,20.0
RED LETTUCE,4700.0,40.0,110.0,26,Joburg Market,2026-07-09,18290.0,148.0,353.0
CORN/BEANS/SNAP PEAS,3072.0,14.0,3.0,0,Joburg Market,2026-07-10,3072.0,14.0,3.0
PEPPERS,40620.0,192.0,768.0,0,Joburg Market,2026-07-10,201316.0,922.0,3601.0
BABY BUTTERNUT,1044.0,6.0,26.0,7,Joburg Market,2026-07-10,55669.0,272.0,1230.0
BABY CABBAGE,10538.0,148.0,562.0,136,Joburg Market,2026-07-10,83976.0,660.0,2715.0
BABY CARROTS,9136.0,63.0,335.0,54,Joburg Market,2026-07-10,145714.0,845.0,3284.0
BEAN SPROUTS,1020.0,11.0,26.0,18,Joburg Market,2026-07-10,16214.0,162.0,385.0
BEANS,244199.0,2673.0,10936.0,1771,Joburg Market,2026-07-10,2566900.0,22711.0,91611.0
BEANS INDIAN,610.0,12.0,48.0,122,Joburg Market,2026-07-10,6320.0,100.0,400.0
BEETROOT,678149.0,8589.0,69479.0,13476,Joburg Market,2026-07-10,4998023.0,63002.0,521642.0
BROCCOLI,158104.0,2052.0,7684.0,2564,Joburg Market,2026-07-10,1485872.0,20229.0,80092.0
BROCCOLI FLORETTES,780.0,13.0,31.0,0,Joburg Market,2026-07-10,67306.0,191.0,1020.0
BROCCOLI LEAVES,1360.0,22.0,176.0,63,Joburg Market,2026-07-10,6985.0,129.0,1032.0
BUTTER LETTUCE,16.0,1.0,2.0,69,Joburg Market,2026-07-10,938.0,16.0,32.0
BUTTERNUT,410090.0,10767.0,83205.0,32557,Joburg Market,2026-07-10,4971117.0,127348.0,996734.0
CABBAGE,570763.0,18940.0,243735.0,25770,Joburg Market,2026-07-10,5293502.0,177811.0,2020786.0
CABBAGE RED,41611.0,389.0,1215.0,1627,Joburg Market,2026-07-10,526275.0,4526.0,10699.0
CARROTS,1089530.0,22602.0,179878.0,47937,Joburg Market,2026-07-10,10552391.5,210826.0,1665275.0
CHILLIES,256682.0,4839.0,16868.0,11346,Joburg Market,2026-07-10,2520905.6,44921.0,154096.0
COCKTAIL TOMATOES,25506.0,165.0,733.0,12,Joburg Market,2026-07-10,218770.0,1544.0,7220.0
CRUSHED GINGER/GARLIC,1533.6,6.0,25.0,66,Joburg Market,2026-07-10,34948.8,131.0,610.0
DRIED BEANS,0.0,0.0,0.0,27,Joburg Market,2026-07-10,3540.0,14.0,140.0
ENGLISH CUCUMBER,666849.0,5246.0,40240.0,4619,Joburg Market,2026-07-10,4682402.0,41016.0,313077.0
GARLIC,224775.0,487.0,4373.0,2372,Joburg Market,2026-07-10,1581356.0,4163.0,32984.0
GARLIC PROCESSED,4086.8,20.0,107.0,363,Joburg Market,2026-07-10,138235.2,617.0,3045.0
GINGER PROCESSED,0.0,0.0,0.0,25,Joburg Market,2026-07-10,14849.0,35.0,202.0
GINGER ROOT,137740.0,413.0,2865.0,4278,Joburg Market,2026-07-10,1728908.0,6455.0,37513.0
GREEN PEPPERS,738755.0,14848.0,72978.0,21462,Joburg Market,2026-07-10,7530973.0,142414.0,702189.0
LETTUCE,484866.0,4948.0,17752.0,6408,Joburg Market,2026-07-10,5481734.45,47098.0,159915.0
ONIONS,7136473.0,76026.0,713839.0,94600,Joburg Market,2026-07-10,57433396.8,858938.0,7388682.0
PIQUANT PEPPERS (PEPPADEW),0.0,0.0,0.0,20,Joburg Market,2026-07-10,0.0,0.0,0.0
POTATOES,8412124.0,127406.0,1216222.0,150097,Joburg Market,2026-07-10,78056298.7,1340341.0,12940504.0
PUMPKINS,10970.0,132.0,4446.0,2289,Joburg Market,2026-07-10,128790.0,1597.0,53472.0
RAINBOW PEPPERS,147796.0,1177.0,3744.0,3216,Joburg Market,2026-07-10,936295.0,14978.0,73067.0
RED BEANS,400.0,5.0,20.0,15,Joburg Market,2026-07-10,740.0,10.0,40.0
RED LETTUCE,2250.0,22.0,44.0,4,Joburg Market,2026-07-10,17330.0,151.0,302.0
RED PEPPERS,553610.0,2516.0,12757.0,2117,Joburg Market,2026-07-10,5647595.0,25158.0,127260.0
SPINACH,102107.9,11686.0,47748.0,17705,Joburg Market,2026-07-10,909286.24,88785.0,360223.0
SPRING ONIONS,17991.0,486.0,829.0,594,Joburg Market,2026-07-10,235932.0,4533.0,9490.0
SWEET POTATO,205240.0,5802.0,52618.0,24870,Joburg Market,2026-07-10,2126471.8,68559.0,477678.0
TOMATOES,4222717.0,92161.0,264441.0,114133,Joburg Market,2026-07-10,42931962.0,965802.0,2600156.0
TOMATOES DRIED,0.0,0.0,0.0,1,Joburg Market,2026-07-10,4600.0,15.0,15.0
YELLOW PEPPERS,452070.0,1745.0,8935.0,1048,Joburg Market,2026-07-10,4995010.0,17689.0,88973.0
BABY BUTTERNUT,1044.0,6.0,26.0,7,Joburg Market,2026-07-11,55669.0,272.0,1230.0
BABY CABBAGE,10538.0,148.0,562.0,136,Joburg Market,2026-07-11,83976.0,660.0,2715.0
BABY CARROTS,9136.0,63.0,335.0,54,Joburg Market,2026-07-11,145714.0,845.0,3284.0
BEAN SPROUTS,1020.0,11.0,26.0,18,Joburg Market,2026-07-11,16214.0,162.0,385.0
BEANS,244199.0,2673.0,10936.0,1771,Joburg Market,2026-07-11,2566900.0,22711.0,91611.0
BEANS INDIAN,610.0,12.0,48.0,122,Joburg Market,2026-07-11,6320.0,100.0,400.0
BEETROOT,678149.0,8589.0,69479.0,13476,Joburg Market,2026-07-11,4998023.0,63002.0,521642.0
BROCCOLI,158104.0,2052.0,7684.0,2564,Joburg Market,2026-07-11,1485872.0,20229.0,80092.0
BROCCOLI FLORETTES,780.0,13.0,31.0,0,Joburg Market,2026-07-11,67306.0,191.0,1020.0
BROCCOLI LEAVES,1360.0,22.0,176.0,63,Joburg Market,2026-07-11,6985.0,129.0,1032.0
BUTTER LETTUCE,16.0,1.0,2.0,69,Joburg Market,2026-07-11,938.0,16.0,32.0
BUTTERNUT,410090.0,10767.0,83205.0,32557,Joburg Market,2026-07-11,4971117.0,127348.0,996734.0
CABBAGE,570763.0,18940.0,243735.0,25770,Joburg Market,2026-07-11,5293502.0,177811.0,2020786.0
CABBAGE RED,41611.0,389.0,1215.0,1627,Joburg Market,2026-07-11,526275.0,4526.0,10699.0
CARROTS,1089530.0,22602.0,179878.0,47937,Joburg Market,2026-07-11,10552391.5,210826.0,1665275.0
CHILLIES,256682.0,4839.0,16868.0,11346,Joburg Market,2026-07-11,2520905.6,44921.0,154096.0
COCKTAIL TOMATOES,25506.0,165.0,733.0,12,Joburg Market,2026-07-11,218770.0,1544.0,7220.0
CRUSHED GINGER/GARLIC,1533.6,6.0,25.0,66,Joburg Market,2026-07-11,34948.8,131.0,610.0
DRIED BEANS,0.0,0.0,0.0,27,Joburg Market,2026-07-11,3540.0,14.0,140.0
ENGLISH CUCUMBER,666849.0,5246.0,40240.0,4619,Joburg Market,2026-07-11,4682402.0,41016.0,313077.0
GARLIC,224775.0,487.0,4373.0,2372,Joburg Market,2026-07-11,1581356.0,4163.0,32984.0
GARLIC PROCESSED,4086.8,20.0,107.0,363,Joburg Market,2026-07-11,138235.2,617.0,3045.0
GINGER PROCESSED,0.0,0.0,0.0,25,Joburg Market,2026-07-11,14849.0,35.0,202.0
GINGER ROOT,137740.0,413.0,2865.0,4278,Joburg Market,2026-07-11,1728908.0,6455.0,37513.0
GREEN PEPPERS,738755.0,14848.0,72978.0,21462,Joburg Market,2026-07-11,7530973.0,142414.0,702189.0
LETTUCE,484866.0,4948.0,17752.0,6408,Joburg Market,2026-07-11,5481734.45,47098.0,159915.0
ONIONS,7136473.0,76026.0,713839.0,94600,Joburg Market,2026-07-11,57433396.8,858938.0,7388682.0
PIQUANT PEPPERS (PEPPADEW),0.0,0.0,0.0,20,Joburg Market,2026-07-11,0.0,0.0,0.0
POTATOES,8412124.0,127406.0,1216222.0,150097,Joburg Market,2026-07-11,78056298.7,1340341.0,12940504.0
PUMPKINS,10970.0,132.0,4446.0,2289,Joburg Market,2026-07-11,128790.0,1597.0,53472.0
RAINBOW PEPPERS,147796.0,1177.0,3744.0,3216,Joburg Market,2026-07-11,936295.0,14978.0,73067.0
RED BEANS,400.0,5.0,20.0,15,Joburg Market,2026-07-11,740.0,10.0,40.0
RED LETTUCE,2250.0,22.0,44.0,4,Joburg Market,2026-07-11,17330.0,151.0,302.0
RED PEPPERS,553610.0,2516.0,12757.0,2117,Joburg Market,2026-07-11,5647595.0,25158.0,127260.0
SPINACH,102107.9,11686.0,47748.0,17705,Joburg Market,2026-07-11,909286.24,88785.0,360223.0
SPRING ONIONS,17991.0,486.0,829.0,594,Joburg Market,2026-07-11,235932.0,4533.0,9490.0
SWEET POTATO,205240.0,5802.0,52618.0,24870,Joburg Market,2026-07-11,2126471.8,68559.0,477678.0
TOMATOES,4222717.0,92161.0,264441.0,114133,Joburg Market,2026-07-11,42931962.0,965802.0,2600156.0
TOMATOES DRIED,0.0,0.0,0.0,1,Joburg Market,2026-07-11,4600.0,15.0,15.0
YELLOW PEPPERS,452070.0,1745.0,8935.0,1048,Joburg Market,2026-07-11,4995010.0,17689.0,88973.0
CUCUMBER,5460.0,91.0,455.0,0,Joburg Market,2026-07-13,10640.0,179.0,895.0
GREEN ONIONS,408.0,34.0,51.0,0,Joburg Market,2026-07-13,1372.0,116.0,174.0
PIQUANT PEPPERS (PEPPADEW),0.0,0.0,0.0,20,Joburg Market,2026-07-13,0.0,0.0,0.0
TOMATOES DRIED,0.0,0.0,0.0,1,Joburg Market,2026-07-13,4600.0,15.0,15.0
BABY BUTTERNUT,1308.0,8.0,33.0,11,Joburg Market,2026-07-13,61881.0,311.0,1391.0
BABY CABBAGE,4700.0,51.0,238.0,134,Joburg Market,2026-07-13,91872.0,729.0,3033.0
BABY CARROTS,1660.0,10.0,57.0,20,Joburg Market,2026-07-13,152630.0,873.0,3433.0
BEAN SPROUTS,1454.0,25.0,60.0,60,Joburg Market,2026-07-13,17944.0,190.0,452.0
BEANS,89635.0,1153.0,4643.0,1420,Joburg Market,2026-07-13,2822969.0,25537.0,103194.0
BEANS INDIAN,1970.0,33.0,132.0,65,Joburg Market,2026-07-13,8850.0,144.0,576.0
BEETROOT,365620.0,4108.0,35675.0,13089,Joburg Market,2026-07-13,5600718.0,70216.0,581457.0
BROCCOLI,43066.0,674.0,2203.0,950,Joburg Market,2026-07-13,1605930.0,21356.0,83627.0
BROCCOLI LEAVES,150.0,4.0,32.0,22,Joburg Market,2026-07-13,8415.0,165.0,1320.0
BUTTER LETTUCE,456.0,38.0,76.0,20,Joburg Market,2026-07-13,2210.0,65.0,130.0
BUTTERNUT,295964.0,7630.0,59685.0,42779,Joburg Market,2026-07-13,5513765.0,141173.0,1104791.0
CABBAGE,302087.0,12447.0,152007.0,13107,Joburg Market,2026-07-13,5969600.0,203353.0,2340313.0
CABBAGE RED,19014.0,186.0,539.0,1189,Joburg Market,2026-07-13,585041.0,5095.0,12176.0
CARROTS,652363.0,14556.0,118179.0,41825,Joburg Market,2026-07-13,12130004.5,245444.0,1943685.0
CHILLIES,153516.0,2773.0,9381.0,10673,Joburg Market,2026-07-13,2961847.72,51613.0,174971.0
COCKTAIL TOMATOES,0.0,0.0,0.0,5,Joburg Market,2026-07-13,200138.0,1454.0,6973.0
CORN/BEANS/SNAP PEAS,0.0,0.0,0.0,50,Joburg Market,2026-07-13,3072.0,14.0,3.0
CRUSHED GINGER/GARLIC,921.6,4.0,14.0,141,Joburg Market,2026-07-13,36134.4,136.0,629.0
DRIED BEANS,0.0,0.0,0.0,25,Joburg Market,2026-07-13,4050.0,16.0,160.0
ENGLISH CUCUMBER,188760.0,1471.0,11397.0,2043,Joburg Market,2026-07-13,5243632.0,46182.0,351859.0
GARLIC,92840.0,160.0,1521.0,2627,Joburg Market,2026-07-13,1733565.0,4437.0,35583.0
GARLIC PROCESSED,8805.0,37.0,203.0,511,Joburg Market,2026-07-13,154306.4,689.0,3434.0
GINGER PROCESSED,0.0,0.0,0.0,25,Joburg Market,2026-07-13,14849.0,35.0,202.0
GINGER ROOT,99010.0,393.0,2480.0,4447,Joburg Market,2026-07-13,1970938.0,7389.0,44923.0
GREEN PEPPERS,640477.0,12378.0,60637.0,11604,Joburg Market,2026-07-13,9019081.0,170830.0,846196.0
LETTUCE,259618.0,3186.0,10877.0,4463,Joburg Market,2026-07-13,6052086.45,54084.0,182898.0
ONIONS,4357566.0,51953.0,457204.0,120568,Joburg Market,2026-07-13,66451567.8,960855.0,8282958.0
PEPPERS,1480.0,9.0,36.0,7,Joburg Market,2026-07-13,214726.0,986.0,3840.0
POTATOES,5117832.33,85005.0,828972.0,99993,Joburg Market,2026-07-13,90592945.0,1547278.0,14945281.0
PUMPKINS,12990.0,209.0,7862.0,2255,Joburg Market,2026-07-13,147020.0,1876.0,63644.0
RAINBOW PEPPERS,119680.0,1494.0,7043.0,5052,Joburg Market,2026-07-13,1113227.0,16648.0,80193.0
RED BEANS,525.0,8.0,32.0,5,Joburg Market,2026-07-13,1405.0,20.0,80.0
RED LETTUCE,40.0,2.0,4.0,0,Joburg Market,2026-07-13,17570.0,155.0,310.0
RED PEPPERS,329200.0,1317.0,6909.0,1111,Joburg Market,2026-07-13,6382535.0,28424.0,144613.0
SPINACH,40485.0,4096.0,16932.0,10437,Joburg Market,2026-07-13,998117.24,100754.0,408166.0
SPRING ONIONS,11369.0,321.0,498.0,472,Joburg Market,2026-07-13,255832.0,5144.0,10445.0
SWEET POTATO,129421.0,3960.0,36604.0,25453,Joburg Market,2026-07-13,2357286.8,76131.0,536525.0
TOMATOES,3365956.0,97903.0,234034.0,159564,Joburg Market,2026-07-13,50283835.0,1151964.0,3090015.0
YELLOW PEPPERS,356190.0,1231.0,6260.0,979,Joburg Market,2026-07-13,5594350.0,19729.0,98930.0
BABY BUTTERNUT,1308.0,8.0,33.0,11,Joburg Market,2026-07-14,61881.0,311.0,1391.0
BABY CABBAGE,4700.0,51.0,238.0,134,Joburg Market,2026-07-14,91872.0,729.0,3033.0
BABY CARROTS,1660.0,10.0,57.0,20,Joburg Market,2026-07-14,152630.0,873.0,3433.0
BEAN SPROUTS,1454.0,25.0,60.0,60,Joburg Market,2026-07-14,17944.0,190.0,452.0
BEANS,89635.0,1153.0,4643.0,1420,Joburg Market,2026-07-14,2822969.0,25537.0,103194.0
BEANS INDIAN,1970.0,33.0,132.0,65,Joburg Market,2026-07-14,8850.0,144.0,576.0
BEETROOT,365620.0,4108.0,35675.0,13089,Joburg Market,2026-07-14,5600718.0,70216.0,581457.0
BROCCOLI,43066.0,674.0,2203.0,950,Joburg Market,2026-07-14,1605930.0,21356.0,83627.0
BROCCOLI LEAVES,150.0,4.0,32.0,22,Joburg Market,2026-07-14,8415.0,165.0,1320.0
BUTTER LETTUCE,456.0,38.0,76.0,20,Joburg Market,2026-07-14,2210.0,65.0,130.0
BUTTERNUT,295964.0,7630.0,59685.0,42779,Joburg Market,2026-07-14,5513765.0,141173.0,1104791.0
CABBAGE,302087.0,12447.0,152007.0,13107,Joburg Market,2026-07-14,5969600.0,203353.0,2340313.0
CABBAGE RED,19014.0,186.0,539.0,1189,Joburg Market,2026-07-14,585041.0,5095.0,12176.0
CARROTS,652363.0,14556.0,118179.0,41825,Joburg Market,2026-07-14,12130004.5,245444.0,1943685.0
CHILLIES,153516.0,2773.0,9381.0,10673,Joburg Market,2026-07-14,2961847.72,51613.0,174971.0
COCKTAIL TOMATOES,0.0,0.0,0.0,5,Joburg Market,2026-07-14,200138.0,1454.0,6973.0
CORN/BEANS/SNAP PEAS,0.0,0.0,0.0,50,Joburg Market,2026-07-14,3072.0,14.0,3.0
CRUSHED GINGER/GARLIC,921.6,4.0,14.0,141,Joburg Market,2026-07-14,36134.4,136.0,629.0
DRIED BEANS,0.0,0.0,0.0,25,Joburg Market,2026-07-14,4050.0,16.0,160.0
ENGLISH CUCUMBER,188760.0,1471.0,11397.0,2043,Joburg Market,2026-07-14,5243632.0,46182.0,351859.0
GARLIC,92840.0,160.0,1521.0,2627,Joburg Market,2026-07-14,1733565.0,4437.0,35583.0
GARLIC PROCESSED,8805.0,37.0,203.0,511,Joburg Market,2026-07-14,154306.4,689.0,3434.0
GINGER PROCESSED,0.0,0.0,0.0,25,Joburg Market,2026-07-14,14849.0,35.0,202.0
GINGER ROOT,99010.0,393.0,2480.0,4447,Joburg Market,2026-07-14,1970938.0,7389.0,44923.0
GREEN PEPPERS,640477.0,12378.0,60637.0,11604,Joburg Market,2026-07-14,9019081.0,170830.0,846196.0
LETTUCE,259618.0,3186.0,10877.0,4463,Joburg Market,2026-07-14,6052086.45,54084.0,182898.0
ONIONS,4357566.0,51953.0,457204.0,120568,Joburg Market,2026-07-14,66451567.8,960855.0,8282958.0
PEPPERS,1480.0,9.0,36.0,7,Joburg Market,2026-07-14,214726.0,986.0,3840.0
POTATOES,5117832.33,85005.0,828972.0,99993,Joburg Market,2026-07-14,90592945.0,1547278.0,14945281.0
PUMPKINS,12990.0,209.0,7862.0,2255,Joburg Market,2026-07-14,147020.0,1876.0,63644.0
RAINBOW PEPPERS,119680.0,1494.0,7043.0,5052,Joburg Market,2026-07-14,1113227.0,16648.0,80193.0
RED BEANS,525.0,8.0,32.0,5,Joburg Market,2026-07-14,1405.0,20.0,80.0
RED LETTUCE,40.0,2.0,4.0,0,Joburg Market,2026-07-14,17570.0,155.0,310.0
RED PEPPERS,329200.0,1317.0,6909.0,1111,Joburg Market,2026-07-14,6382535.0,28424.0,144613.0
SPINACH,40485.0,4096.0,16932.0,10437,Joburg Market,2026-07-14,998117.24,100754.0,408166.0
SPRING ONIONS,11369.0,321.0,498.0,472,Joburg Market,2026-07-14,255832.0,5144.0,10445.0
SWEET POTATO,129421.0,3960.0,36604.0,25453,Joburg Market,2026-07-14,2357286.8,76131.0,536525.0
TOMATOES,3365956.0,97903.0,234034.0,159564,Joburg Market,2026-07-14,50283835.0,1151964.0,3090015.0
YELLOW PEPPERS,356190.0,1231.0,6260.0,979,Joburg Market,2026-07-14,5594350.0,19729.0,98930.0
BABY BUTTERNUT,0.0,0.0,0.0,3,Joburg Market,2026-07-15,1380.0,15.0,45.0
BABY CABBAGE,7978.0,69.0,279.0,184,Joburg Market,2026-07-15,115140.0,889.0,3734.0
BABY CARROTS,9284.0,38.0,175.0,65,Joburg Market,2026-07-15,187482.0,1058.0,4203.0
BEAN SPROUTS,1140.0,10.0,24.0,14,Joburg Market,2026-07-15,24988.0,259.0,618.0
BEANS,239250.0,2365.0,9497.0,2219,Joburg Market,2026-07-15,3379734.0,30800.0,124594.0
BEANS INDIAN,590.0,16.0,64.0,32,Joburg Market,2026-07-15,10330.0,177.0,691.0
BEETROOT,563820.0,7347.0,57391.0,10130,Joburg Market,2026-07-15,6751489.0,84947.0,698624.0
BROCCOLI,180321.93,1429.0,4945.0,1056,Joburg Market,2026-07-15,2093559.93,25271.0,97915.0
BROCCOLI FLORETTES,160.0,1.0,3.0,3,Joburg Market,2026-07-15,67946.0,195.0,1033.0
BROCCOLI LEAVES,1985.0,171.0,353.0,169,Joburg Market,2026-07-15,14993.0,703.0,2355.0
BUTTER LETTUCE,384.0,4.0,8.0,38,Joburg Market,2026-07-15,3074.0,75.0,150.0
BUTTERNUT,463144.0,11096.0,93831.0,48619,Joburg Market,2026-07-15,6723839.0,173277.0,1351623.0
CABBAGE,396312.0,18022.0,184164.0,22639,Joburg Market,2026-07-15,6916658.0,242551.0,2774041.0
CABBAGE RED,43565.0,502.0,1224.0,1865,Joburg Market,2026-07-15,675267.0,6071.0,14667.0
CARROTS,1076335.0,24733.0,193494.0,44464,Joburg Market,2026-07-15,14195060.5,289464.0,2301148.0
CHILLIES,260363.0,4852.0,17305.0,12352,Joburg Market,2026-07-15,3542928.72,61235.0,208937.0
COCKTAIL TOMATOES,4802.0,23.0,75.0,6,Joburg Market,2026-07-15,228684.0,1590.0,7410.0
CORN/BEANS/SNAP PEAS,0.0,0.0,0.0,50,Joburg Market,2026-07-15,3072.0,14.0,3.0
CRUSHED GINGER/GARLIC,2530.8,10.0,41.0,90,Joburg Market,2026-07-15,50487.6,187.0,890.0
CUCUMBER,5200.0,65.0,293.0,0,Joburg Market,2026-07-15,5800.0,70.0,315.0
DRIED BEANS,0.0,0.0,0.0,25,Joburg Market,2026-07-15,4050.0,16.0,160.0
ENGLISH CUCUMBER,366975.0,3326.0,24634.0,5160,Joburg Market,2026-07-15,6372252.0,55777.0,423505.0
GARLIC,164030.0,445.0,3662.0,2531,Joburg Market,2026-07-15,2036005.0,5101.0,41504.0
GARLIC PROCESSED,7993.4,39.0,178.0,413,Joburg Market,2026-07-15,193523.0,857.0,4319.0
GINGER PROCESSED,6840.0,15.0,90.0,23,Joburg Market,2026-07-15,22601.0,52.0,304.0
GINGER ROOT,121400.0,455.0,2776.0,6152,Joburg Market,2026-07-15,2329838.0,8971.0,55622.0
GREEN PEPPERS,713543.0,15595.0,80491.0,28771,Joburg Market,2026-07-15,10456828.0,200553.0,994600.0
LETTUCE,408331.0,6103.0,19988.0,5900,Joburg Market,2026-07-15,6991223.45,67294.0,228780.0
ONIONS,4809227.0,55410.0,490029.0,190073,Joburg Market,2026-07-15,78463323.8,1096814.0,9454160.0
PEPPERS,8720.0,42.0,151.0,0,Joburg Market,2026-07-15,250086.0,1143.0,4451.0
POTATOES,8538888.0,148030.0,1405367.0,138582,Joburg Market,2026-07-15,107803867.0,1838607.0,17721177.0
PUMPKINS,2770.0,39.0,2080.0,2053,Joburg Market,2026-07-15,152370.0,1938.0,68466.0
RAINBOW PEPPERS,114875.0,1672.0,8257.0,1431,Joburg Market,2026-07-15,1463556.0,21916.0,106245.0
RED BEANS,0.0,0.0,0.0,5,Joburg Market,2026-07-15,1405.0,20.0,80.0
RED LETTUCE,2880.0,25.0,50.0,40,Joburg Market,2026-07-15,30030.0,247.0,572.0
RED PEPPERS,552810.0,2760.0,14212.0,2367,Joburg Market,2026-07-15,7785545.0,35253.0,178885.0
SPINACH,60333.0,5313.0,21692.0,8904,Joburg Market,2026-07-15,1209622.24,118666.0,481581.0
SPRING ONIONS,15845.0,267.0,658.0,257,Joburg Market,2026-07-15,307715.0,6028.0,12481.0
SWEET POTATO,196478.0,10686.0,47396.0,18551,Joburg Market,2026-07-15,2981637.8,106936.0,689653.0
TOMATOES,4139472.0,170026.0,347174.0,103585,Joburg Market,2026-07-15,59312357.0,1460779.0,3780491.0
TOMATOES DRIED,0.0,0.0,0.0,30,Joburg Market,2026-07-15,4600.0,15.0,15.0
YELLOW PEPPERS,428140.0,1716.0,8632.0,1389,Joburg Market,2026-07-15,7192310.0,25973.0,130055.0
BABY BUTTERNUT,1968.0,10.0,44.0,3,Joburg Market,2026-07-18,72111.0,367.0,1625.0
BABY CABBAGE,7754.0,89.0,221.0,136,Joburg Market,2026-07-18,132688.0,1053.0,4320.0
BABY CARROTS,10108.0,60.0,254.0,128,Joburg Market,2026-07-18,211086.0,1179.0,4609.0
BEAN SPROUTS,864.0,8.0,19.0,7,Joburg Market,2026-07-18,26872.0,276.0,659.0
BEANS,240192.0,2885.0,11651.0,909,Joburg Market,2026-07-18,3988406.0,37657.0,152145.0
BEANS INDIAN,120.0,4.0,16.0,26,Joburg Market,2026-07-18,11070.0,190.0,743.0
BEETROOT,546947.0,8340.0,64476.0,21585,Joburg Market,2026-07-18,8208318.0,106106.0,857454.0
BROCCOLI,253124.0,1764.0,6839.0,1047,Joburg Market,2026-07-18,2489833.93,28411.0,110583.0
BROCCOLI FLORETTES,0.0,0.0,0.0,3,Joburg Market,2026-07-18,67946.0,195.0,1033.0
BROCCOLI LEAVES,0.0,0.0,0.0,105,Joburg Market,2026-07-18,3378.0,532.0,532.0
BUTTER LETTUCE,240.0,3.0,6.0,30,Joburg Market,2026-07-18,3714.0,83.0,166.0
BUTTERNUT,550736.0,14952.0,118228.0,47118,Joburg Market,2026-07-18,7753795.0,199436.0,1569019.0
CABBAGE,489952.0,21656.0,210804.0,19707,Joburg Market,2026-07-18,8036542.0,294936.0,3275291.0
CABBAGE RED,56874.0,705.0,1600.0,1809,Joburg Market,2026-07-18,817179.0,7542.0,18424.0
CARROTS,974388.9,22550.0,188597.0,47668,Joburg Market,2026-07-18,16331526.4,339228.0,2710542.0
CHILLIES,247786.0,5108.0,16860.0,11440,Joburg Market,2026-07-18,4099213.72,72416.0,245562.0
COCKTAIL TOMATOES,0.0,0.0,0.0,5,Joburg Market,2026-07-18,4260.0,19.0,61.0
CORN/BEANS/SNAP PEAS,0.0,0.0,0.0,50,Joburg Market,2026-07-18,3072.0,14.0,3.0
CRUSHED GINGER/GARLIC,748.8,3.0,13.0,81,Joburg Market,2026-07-18,52676.4,196.0,928.0
CUCUMBER,1665.0,18.0,81.0,68,Joburg Market,2026-07-18,8095.0,95.0,428.0
DRIED BEANS,0.0,0.0,0.0,24,Joburg Market,2026-07-18,4310.0,17.0,170.0
ENGLISH CUCUMBER,528405.0,4472.0,34573.0,4453,Joburg Market,2026-07-18,7430447.0,64524.0,491114.0
GARLIC,109263.0,448.0,2522.0,2086,Joburg Market,2026-07-18,2302598.0,5892.0,46637.0
GARLIC PROCESSED,7538.2,43.0,197.0,339,Joburg Market,2026-07-18,179890.0,823.0,4089.0
GINGER PROCESSED,0.0,0.0,0.0,23,Joburg Market,2026-07-18,22601.0,52.0,304.0
GINGER ROOT,112260.0,524.0,2840.0,5312,Joburg Market,2026-07-18,2630926.0,10270.0,62409.0
GREEN PEPPERS,719215.0,17067.0,84881.0,22728,Joburg Market,2026-07-18,11670163.0,230395.0,1139944.0
LETTUCE,328579.0,6001.0,19055.0,4242,Joburg Market,2026-07-18,7770745.45,80037.0,272265.0
ONIONS,4193815.0,52103.0,463878.0,222421,Joburg Market,2026-07-18,89426410.7,1230839.0,10628764.0
PEPPERS,16900.0,73.0,292.0,94,Joburg Market,2026-07-18,266986.0,1216.0,4743.0
POTATOES,8970029.0,151328.0,1457387.0,142240,Joburg Market,2026-07-18,126284304.0,2150116.0,20690958.0
PUMPKINS,21550.0,284.0,15818.0,1318,Joburg Market,2026-07-18,206170.0,2683.0,105782.0
RAINBOW PEPPERS,234708.0,2476.0,8798.0,1310,Joburg Market,2026-07-18,1889744.0,27443.0,129540.0
RED LETTUCE,500.0,10.0,50.0,0,Joburg Market,2026-07-18,5460.0,36.0,180.0
RED PEPPERS,774400.0,4104.0,21038.0,3019,Joburg Market,2026-07-18,9208835.0,42476.0,215907.0
SPINACH,80559.0,7974.0,32031.0,7539,Joburg Market,2026-07-18,1382157.24,135925.0,550200.0
SPRING ONIONS,16110.57,381.0,786.0,435,Joburg Market,2026-07-18,356646.11,6913.0,14510.0
SWEET POTATO,194400.0,8676.0,60990.0,16017,Joburg Market,2026-07-18,3385831.8,124228.0,807035.0
TOMATOES,3334868.2,98747.0,308003.0,114900,Joburg Market,2026-07-18,67002763.2,1701374.0,4449113.0
TOMATOES DRIED,0.0,0.0,0.0,30,Joburg Market,2026-07-18,4600.0,15.0,15.0
YELLOW PEPPERS,786390.0,3338.0,16739.0,2870,Joburg Market,2026-07-18,8535370.0,31573.0,158204.0
BABY BUTTERNUT,240.0,3.0,9.0,3,Joburg Market,2026-07-20,1620.0,18.0,54.0
BABY CABBAGE,1032.0,7.0,28.0,188,Joburg Market,2026-07-20,136288.0,1083.0,4437.0
BABY CARROTS,2012.0,11.0,43.0,217,Joburg Market,2026-07-20,227464.0,1250.0,4941.0
BEAN SPROUTS,3264.0,34.0,82.0,13,Joburg Market,2026-07-20,30328.0,312.0,746.0
BEANS,80540.0,1047.0,4206.0,999,Joburg Market,2026-07-20,4203791.0,40281.0,162818.0
BEANS INDIAN,700.0,14.0,54.0,192,Joburg Market,2026-07-20,11770.0,204.0,796.0
BEETROOT,440025.0,6643.0,58820.0,18551,Joburg Market,2026-07-20,9064419.0,119188.0,966636.0
BROCCOLI,178102.0,1160.0,4038.0,127,Joburg Market,2026-07-20,2785421.93,30278.0,116291.0
BROCCOLI FLORETTES,6600.0,11.0,66.0,61,Joburg Market,2026-07-20,74546.0,206.0,1099.0
BROCCOLI LEAVES,0.0,0.0,0.0,105,Joburg Market,2026-07-20,3378.0,532.0,532.0
BUTTER LETTUCE,0.0,0.0,0.0,29,Joburg Market,2026-07-20,3778.0,84.0,168.0
BUTTERNUT,186588.0,5122.0,41902.0,53588,Joburg Market,2026-07-20,8256802.0,213702.0,1682239.0
CABBAGE,326726.0,13207.0,111030.0,7203,Joburg Market,2026-07-20,8864684.0,326947.0,3581123.0
CABBAGE RED,26825.0,332.0,756.0,1624,Joburg Market,2026-07-20,865650.0,8108.0,19661.0
CARROTS,648771.0,16122.0,127165.0,35179,Joburg Market,2026-07-20,17645781.4,372501.0,2971691.0
CHILLIES,138822.0,2823.0,9489.0,11233,Joburg Market,2026-07-20,4394589.38,78064.0,263500.0
COCKTAIL TOMATOES,200.0,2.0,7.0,0,Joburg Market,2026-07-20,1640.0,6.0,22.0
CORN/BEANS/SNAP PEAS,12450.0,50.0,10.0,0,Joburg Market,2026-07-20,15522.0,64.0,13.0
CRUSHED GINGER/GARLIC,2764.8,12.0,43.0,137,Joburg Market,2026-07-20,55977.6,210.0,980.0
CUCUMBER,150.0,2.0,9.0,64,Joburg Market,2026-07-20,8430.0,99.0,446.0
DRIED BEANS,0.0,0.0,0.0,24,Joburg Market,2026-07-20,4310.0,17.0,170.0
ENGLISH CUCUMBER,239265.0,2303.0,17968.0,2339,Joburg Market,2026-07-20,7932187.0,69483.0,529371.0
GARLIC,94740.0,163.0,1571.0,1758,Joburg Market,2026-07-20,2482848.0,6122.0,49359.0
GARLIC PROCESSED,5698.4,26.0,113.0,492,Joburg Market,2026-07-20,219033.4,978.0,4897.0
GINGER PROCESSED,806.0,2.0,11.0,19,Joburg Market,2026-07-20,24107.0,56.0,325.0
GINGER ROOT,85368.0,391.0,2151.0,4682,Joburg Market,2026-07-20,2822144.0,11120.0,67053.0
GREEN PEPPERS,419480.0,9654.0,47126.0,8494,Joburg Market,2026-07-20,12512495.0,251494.0,1244081.0
LETTUCE,165864.0,2625.0,9224.0,1300,Joburg Market,2026-07-20,8205977.45,87475.0,295729.0
ONIONS,6146594.0,96946.0,874529.0,196246,Joburg Market,2026-07-20,98797185.7,1374147.0,11890652.0
PEPPERS,0.0,0.0,0.0,38,Joburg Market,2026-07-20,291396.0,1328.0,5187.0
POTATOES,4255976.0,76185.0,735132.0,85252,Joburg Market,2026-07-20,136938066.0,2340189.0,22529549.0
PUMPKINS,3200.0,45.0,1530.0,1580,Joburg Market,2026-07-20,169890.0,2211.0,75174.0
RAINBOW PEPPERS,119478.0,1556.0,7007.0,1219,Joburg Market,2026-07-20,2099940.0,29650.0,138348.0
RED PEPPERS,397020.0,2253.0,11317.0,3049,Joburg Market,2026-07-20,9921635.0,46409.0,235621.0
SPINACH,32148.0,3546.0,14013.0,4268,Joburg Market,2026-07-20,1431886.24,140358.0,568780.0
SPRING ONIONS,7927.5,331.0,404.0,320,Joburg Market,2026-07-20,292576.61,6905.0,13680.0
SWEET POTATO,101311.0,4446.0,28779.0,12214,Joburg Market,2026-07-20,3630792.8,134763.0,885773.0
TOMATOES,3297727.0,123660.0,305595.0,64004,Joburg Market,2026-07-20,73768105.2,1977696.0,5069361.0
TOMATOES DRIED,0.0,0.0,0.0,30,Joburg Market,2026-07-20,4600.0,15.0,15.0
YELLOW PEPPERS,392740.0,2399.0,11984.0,4318,Joburg Market,2026-07-20,9266080.0,35698.0,178845.0
BABY BUTTERNUT,240.0,3.0,9.0,3,Joburg Market,2026-07-21,1620.0,18.0,54.0
BABY CABBAGE,1032.0,7.0,28.0,188,Joburg Market,2026-07-21,136288.0,1083.0,4437.0
BABY CARROTS,2012.0,11.0,43.0,217,Joburg Market,2026-07-21,227464.0,1250.0,4941.0
BEAN SPROUTS,3264.0,34.0,82.0,13,Joburg Market,2026-07-21,30328.0,312.0,746.0
BEANS,80540.0,1047.0,4206.0,999,Joburg Market,2026-07-21,4203791.0,40281.0,162818.0
BEANS INDIAN,700.0,14.0,54.0,192,Joburg Market,2026-07-21,11770.0,204.0,796.0
BEETROOT,440025.0,6643.0,58820.0,18551,Joburg Market,2026-07-21,9064419.0,119188.0,966636.0
BROCCOLI,178102.0,1160.0,4038.0,127,Joburg Market,2026-07-21,2785421.93,30278.0,116291.0
BROCCOLI FLORETTES,6600.0,11.0,66.0,61,Joburg Market,2026-07-21,74546.0,206.0,1099.0
BROCCOLI LEAVES,0.0,0.0,0.0,105,Joburg Market,2026-07-21,3378.0,532.0,532.0
BUTTER LETTUCE,0.0,0.0,0.0,29,Joburg Market,2026-07-21,3778.0,84.0,168.0
BUTTERNUT,186588.0,5122.0,41902.0,53588,Joburg Market,2026-07-21,8256802.0,213702.0,1682239.0
CABBAGE,326726.0,13207.0,111030.0,7203,Joburg Market,2026-07-21,8864684.0,326947.0,3581123.0
CABBAGE RED,26825.0,332.0,756.0,1624,Joburg Market,2026-07-21,865650.0,8108.0,19661.0
CARROTS,648771.0,16122.0,127165.0,35179,Joburg Market,2026-07-21,17645781.4,372501.0,2971691.0
CHILLIES,138822.0,2823.0,9489.0,11233,Joburg Market,2026-07-21,4394589.38,78064.0,263500.0
COCKTAIL TOMATOES,200.0,2.0,7.0,0,Joburg Market,2026-07-21,1640.0,6.0,22.0
CORN/BEANS/SNAP PEAS,12450.0,50.0,10.0,0,Joburg Market,2026-07-21,15522.0,64.0,13.0
CRUSHED GINGER/GARLIC,2764.8,12.0,43.0,137,Joburg Market,2026-07-21,55977.6,210.0,980.0
CUCUMBER,150.0,2.0,9.0,64,Joburg Market,2026-07-21,8430.0,99.0,446.0
DRIED BEANS,0.0,0.0,0.0,24,Joburg Market,2026-07-21,4310.0,17.0,170.0
ENGLISH CUCUMBER,239265.0,2303.0,17968.0,2339,Joburg Market,2026-07-21,7932187.0,69483.0,529371.0
GARLIC,94740.0,163.0,1571.0,1758,Joburg Market,2026-07-21,2482848.0,6122.0,49359.0
GARLIC PROCESSED,5698.4,26.0,113.0,492,Joburg Market,2026-07-21,219033.4,978.0,4897.0
GINGER PROCESSED,806.0,2.0,11.0,19,Joburg Market,2026-07-21,24107.0,56.0,325.0
GINGER ROOT,85368.0,391.0,2151.0,4682,Joburg Market,2026-07-21,2822144.0,11120.0,67053.0
GREEN PEPPERS,419480.0,9654.0,47126.0,8494,Joburg Market,2026-07-21,12512495.0,251494.0,1244081.0
LETTUCE,165864.0,2625.0,9224.0,1300,Joburg Market,2026-07-21,8205977.45,87475.0,295729.0
ONIONS,6146594.0,96946.0,874529.0,196246,Joburg Market,2026-07-21,98797185.7,1374147.0,11890652.0
PEPPERS,0.0,0.0,0.0,38,Joburg Market,2026-07-21,291396.0,1328.0,5187.0
POTATOES,4255976.0,76185.0,735132.0,85252,Joburg Market,2026-07-21,136938066.0,2340189.0,22529549.0
PUMPKINS,3200.0,45.0,1530.0,1580,Joburg Market,2026-07-21,169890.0,2211.0,75174.0
RAINBOW PEPPERS,119478.0,1556.0,7007.0,1219,Joburg Market,2026-07-21,2099940.0,29650.0,138348.0
RED PEPPERS,397020.0,2253.0,11317.0,3049,Joburg Market,2026-07-21,9921635.0,46409.0,235621.0
SPINACH,32148.0,3546.0,14013.0,4268,Joburg Market,2026-07-21,1431886.24,140358.0,568780.0
SPRING ONIONS,7927.5,331.0,404.0,320,Joburg Market,2026-07-21,292576.61,6905.0,13680.0
SWEET POTATO,101311.0,4446.0,28779.0,12214,Joburg Market,2026-07-21,3630792.8,134763.0,885773.0
TOMATOES,3297727.0,123660.0,305595.0,64004,Joburg Market,2026-07-21,73768105.2,1977696.0,5069361.0
TOMATOES DRIED,0.0,0.0,0.0,30,Joburg Market,2026-07-21,4600.0,15.0,15.0
YELLOW PEPPERS,392740.0,2399.0,11984.0,4318,Joburg Market,2026-07-21,9266080.0,35698.0,178845.0
